<?xml version="1.0" encoding="UTF-8"?>
<GreensheetQuestions id="PGM_NC" xmlns:xsi="http://www.w3.org/2001/XMLSchema-instance" xsi:noNamespaceSchemaLocation="C:\dev\nciprojects\greensheets\Implementation2\gsrepository\development\schema\GsForm.xsd">
	<QuestionDef id="PNCQ_1">
		<GrantTypeMechs>
			<TypeMech type="1" mech="R01"></TypeMech>
		</GrantTypeMechs>
		<QText>Human Subjects involved?</QText>
		<QInstructions></QInstructions>
		<ResponseDefsList>
			<ResponseDef id="PNCQ_1_RD_RB_1" type="RADIO">
				<SelectionDef id="SEL_1">
					<Value>No</Value>
				</SelectionDef>
				<SelectionDef id="SEL_2">
					<Value>Yes</Value>
					<QuestionDef id="PNCQ_2">
						<GrantTypeMechs>
							<TypeMech type="1" mech="R01"></TypeMech>
						</GrantTypeMechs>
						<QText>Involvement of Human Subjects changed from last year? </QText>
						<QInstructions></QInstructions>
						<ResponseDefsList>
							<ResponseDef id="PNCQ_2_RD_RB_2" type="RADIO">
								<SelectionDef id="SEL_3">
									<Value>Yes</Value>
									<QuestionDef id="PNCQ_3">
										<GrantTypeMechs>
											<TypeMech type="1" mech="R01"></TypeMech>
										</GrantTypeMechs>
										<QText>Change(s) within scope of current objectives and approved? </QText>
										<QInstructions>(If not in scope or not approved, explanation required.)</QInstructions>
										<ResponseDefsList>
											<ResponseDef id="PNCQ_3_RD_DD_3" type="DROP_DOWN">
												<SelectionDef id="SEL_4">
													<Value>--Select an option--</Value>
												</SelectionDef>
												<SelectionDef id="SEL_5">
													<Value>Yes, in scope and approved</Value>
												</SelectionDef>
												<SelectionDef id="SEL_6">
													<Value>Yes, in scope but not approved</Value>
													<QuestionDef id="PNCQ_4">
														<GrantTypeMechs>
															<TypeMech type="1" mech="R01"></TypeMech>
														</GrantTypeMechs>
														<QText>Explanation Required: </QText>
														<QInstructions></QInstructions>
														<ResponseDefsList>
															<ResponseDef id="PNCQ_4_RD_TX_4" type="TEXT"></ResponseDef>
															<ResponseDef id="PNCQ_4_RD_CM_5" type="COMMENT"></ResponseDef>
															<ResponseDef id="PNCQ_4_RD_FL_6" type="FILE"></ResponseDef>
														</ResponseDefsList>
													</QuestionDef>
												</SelectionDef>
												<SelectionDef id="SEL_7">
													<Value>No</Value>
													<QuestionDef id="PNCQ_5">
														<GrantTypeMechs>
															<TypeMech type="1" mech="R01"></TypeMech>
														</GrantTypeMechs>
														<QText>Explanation Required: </QText>
														<QInstructions></QInstructions>
														<ResponseDefsList>
															<ResponseDef id="PNCQ_5_RD_TX_7" type="TEXT"></ResponseDef>
															<ResponseDef id="PNCQ_5_RD_CM_8" type="COMMENT"></ResponseDef>
															<ResponseDef id="PNCQ_5_RD_FL_9" type="FILE"></ResponseDef>
														</ResponseDefsList>
													</QuestionDef>
												</SelectionDef>
											</ResponseDef>
											<ResponseDef id="PNCQ_5_RD_CM_10" type="COMMENT"></ResponseDef>
											<ResponseDef id="PNCQ_5_RD_FL_11" type="FILE"></ResponseDef>
										</ResponseDefsList>
									</QuestionDef>
								</SelectionDef>
								<SelectionDef id="SEL_8">
									<Value>No</Value>
								</SelectionDef>
							</ResponseDef>
							<ResponseDef id="PNCQ_5_RD_CM_12" type="COMMENT"></ResponseDef>
							<ResponseDef id="PNCQ_5_RD_FL_13" type="FILE"></ResponseDef>
						</ResponseDefsList>
					</QuestionDef>
				</SelectionDef>
			</ResponseDef>
			<ResponseDef id="PNCQ_5_RD_CM_14" type="COMMENT"></ResponseDef>
			<ResponseDef id="PNCQ_5_RD_FL_15" type="FILE"></ResponseDef>
		</ResponseDefsList>
	</QuestionDef>
	<QuestionDef id="PNCQ_6">
		<GrantTypeMechs>
			<TypeMech type="1" mech="R01"></TypeMech>
		</GrantTypeMechs>
		<QText>Research exempt from regulations under E4 (45 CFR 46)?</QText>
		<QInstructions></QInstructions>
		<ResponseDefsList>
			<ResponseDef id="PNCQ_6_RD_RB_16" type="RADIO">
				<SelectionDef id="SEL_9">
					<Value>Yes</Value>
				</SelectionDef>
				<SelectionDef id="SEL_10">
					<Value>No</Value>
					<QuestionDef id="PNCQ_7">
						<GrantTypeMechs>
							<TypeMech type="1" mech="R01"></TypeMech>
						</GrantTypeMechs>
						<QText>Exemption Number:</QText>
						<QInstructions></QInstructions>
						<ResponseDefsList>
							<ResponseDef id="PNCQ_7_RD_DD_17" type="DROP_DOWN">
								<SelectionDef id="SEL_11">
									<Value>E1</Value>
								</SelectionDef>
								<SelectionDef id="SEL_12">
									<Value>E2</Value>
								</SelectionDef>
								<SelectionDef id="SEL_13">
									<Value>E3</Value>
								</SelectionDef>
								<SelectionDef id="SEL_14">
									<Value>E5</Value>
								</SelectionDef>
								<SelectionDef id="SEL_15">
									<Value>E6</Value>
								</SelectionDef>
								<SelectionDef id="SEL_16">
									<Value>Not Exempt</Value>
								</SelectionDef>
								<SelectionDef id="SEL_17">
									<Value>--Select an option--</Value>
								</SelectionDef>
							</ResponseDef>
							<ResponseDef id="PNCQ_7_RD_CM_18" type="COMMENT"></ResponseDef>
							<ResponseDef id="PNCQ_7_RD_FL_19" type="FILE"></ResponseDef>
						</ResponseDefsList>
					</QuestionDef>
					<QuestionDef id="PNCQ_8">
						<GrantTypeMechs>
							<TypeMech type="1" mech="R01"></TypeMech>
						</GrantTypeMechs>
						<QText>Exception to Tracking Code</QText>
						<QInstructions></QInstructions>
						<ResponseDefsList>
							<ResponseDef id="PNCQ_8_RD_DD_20" type="DROP_DOWN">
								<SelectionDef id="SEL_18">
									<Value>--Select an option--</Value>
								</SelectionDef>
								<SelectionDef id="SEL_19">
									<Value>00 = Must be tracked</Value>
								</SelectionDef>
								<SelectionDef id="SEL_20">
									<Value>SS = Small Sample Size (&lt; 10 subjects)</Value>
								</SelectionDef>
								<SelectionDef id="SEL_21">
									<Value>DR = Duplication of Reporting</Value>
								</SelectionDef>
								<SelectionDef id="SEL_22">
									<Value>PR = Parent Records</Value>
								</SelectionDef>
								<SelectionDef id="SEL_23">
									<Value>SA = Secondary Analysis</Value>
								</SelectionDef>
								<SelectionDef id="SEL_24">
									<Value>ET = Early Stage of Technology Development</Value>
								</SelectionDef>
								<SelectionDef id="SEL_25">
									<Value>NC = Not Clinical Research</Value>
								</SelectionDef>
								<SelectionDef id="SEL_26">
									<Value>IC = IC Defined Reason</Value>
								</SelectionDef>
							</ResponseDef>
							<ResponseDef id="PNCQ_8_RD_CM_21" type="COMMENT"></ResponseDef>
							<ResponseDef id="PNCQ_8_RD_FL_22" type="FILE"></ResponseDef>
						</ResponseDefsList>
					</QuestionDef>
					<QuestionDef id="PNCQ_9">
						<GrantTypeMechs>
							<TypeMech type="1" mech="R01"></TypeMech>
						</GrantTypeMechs>
						<QText>Gender and minority recruitment/retention appropriate and on schedule?  </QText>
						<QInstructions></QInstructions>
						<ResponseDefsList>
							<ResponseDef id="PNCQ_9_RD_DD_23" type="DROP_DOWN">
								<SelectionDef id="SEL_27">
									<Value>--Select an option--</Value>
								</SelectionDef>
								<SelectionDef id="SEL_28">
									<Value>Yes</Value>
								</SelectionDef>
								<SelectionDef id="SEL_29">
									<Value>No</Value>
									<QuestionDef id="PNCQ_10">
										<GrantTypeMechs>
											<TypeMech type="1" mech="R01"></TypeMech>
										</GrantTypeMechs>
										<QText>Justification is:</QText>
										<QInstructions></QInstructions>
										<ResponseDefsList>
											<ResponseDef id="PNCQ_10_RD_DD_24" type="DROP_DOWN">
												<SelectionDef id="SEL_30">
													<Value>--Select an option--</Value>
												</SelectionDef>
												<SelectionDef id="SEL_31">
													<Value>Acceptable, in progress report</Value>
												</SelectionDef>
												<SelectionDef id="SEL_32">
													<Value>Acceptable, attached</Value>
												</SelectionDef>
												<SelectionDef id="SEL_33">
													<Value>Acceptable, sent to GAB</Value>
												</SelectionDef>
												<SelectionDef id="SEL_34">
													<Value>Not acceptable</Value>
													<QuestionDef id="PNCQ_11">
														<GrantTypeMechs>
															<TypeMech type="1" mech="R01"></TypeMech>
														</GrantTypeMechs>
														<QText>Countersigned corrective plan acceptable?</QText>
														<QInstructions>(If corrective plan unacceptable, award cannot be made)</QInstructions>
														<ResponseDefsList>
															<ResponseDef id="PNCQ_11_RD_DD_25" type="DROP_DOWN">
																<SelectionDef id="SEL_35">
																	<Value>--Select an option-- </Value>
																</SelectionDef>
																<SelectionDef id="SEL_36">
																	<Value>Yes, in progress report </Value>
																</SelectionDef>
																<SelectionDef id="SEL_37">
																	<Value>Yes, attached </Value>
																</SelectionDef>
																<SelectionDef id="SEL_38">
																	<Value>Yes, sent to GAB </Value>
																</SelectionDef>
																<SelectionDef id="SEL_39">
																	<Value>No</Value>
																</SelectionDef>
															</ResponseDef>
															<ResponseDef id="PNCQ_11_RD_CM_26" type="COMMENT"></ResponseDef>
															<ResponseDef id="PNCQ_11_RD_FL_27" type="FILE"></ResponseDef>
														</ResponseDefsList>
													</QuestionDef>
												</SelectionDef>
											</ResponseDef>
											<ResponseDef id="PNCQ_11_RD_CM_28" type="COMMENT"></ResponseDef>
											<ResponseDef id="PNCQ_11_RD_FL_29" type="FILE"></ResponseDef>
										</ResponseDefsList>
									</QuestionDef>
								</SelectionDef>
								<SelectionDef id="SEL_40">
									<Value>No recruitment</Value>
								</SelectionDef>
							</ResponseDef>
							<ResponseDef id="PNCQ_11_RD_CM_30" type="COMMENT"></ResponseDef>
							<ResponseDef id="PNCQ_11_RD_FL_31" type="FILE"></ResponseDef>
						</ResponseDefsList>
					</QuestionDef>
					<QuestionDef id="PNCQ_12">
						<GrantTypeMechs>
							<TypeMech type="1" mech="R01"></TypeMech>
						</GrantTypeMechs>
						<QText>Gender Code needs to be changed or assigned?</QText>
						<QInstructions></QInstructions>
						<ResponseDefsList>
							<ResponseDef id="PNCQ_12_RD_RB_32" type="RADIO">
								<SelectionDef id="SEL_41">
									<Value>Yes</Value>
									<QuestionDef id="PNCQ_13">
										<GrantTypeMechs>
											<TypeMech type="1" mech="R01"></TypeMech>
										</GrantTypeMechs>
										<QText>Change Gender Code to:</QText>
										<QInstructions></QInstructions>
										<ResponseDefsList>
											<ResponseDef id="PNCQ_13_RD_ST_33" type="STRING"></ResponseDef>
											<ResponseDef id="PNCQ_13_RD_CM_34" type="COMMENT"></ResponseDef>
											<ResponseDef id="PNCQ_13_RD_FL_35" type="FILE"></ResponseDef>
										</ResponseDefsList>
									</QuestionDef>
								</SelectionDef>
								<SelectionDef id="SEL_42">
									<Value>No</Value>
								</SelectionDef>
							</ResponseDef>
							<ResponseDef id="PNCQ_13_RD_CM_36" type="COMMENT"></ResponseDef>
							<ResponseDef id="PNCQ_13_RD_FL_37" type="FILE"></ResponseDef>
						</ResponseDefsList>
					</QuestionDef>
					<QuestionDef id="PNCQ_14">
						<GrantTypeMechs>
							<TypeMech type="1" mech="R01"></TypeMech>
						</GrantTypeMechs>
						<QText>Minority Code needs to be changed or assigned?</QText>
						<QInstructions></QInstructions>
						<ResponseDefsList>
							<ResponseDef id="PNCQ_14_RD_RB_38" type="RADIO">
								<SelectionDef id="SEL_43">
									<Value>Yes</Value>
									<QuestionDef id="PNCQ_15">
										<GrantTypeMechs>
											<TypeMech type="1" mech="R01"></TypeMech>
										</GrantTypeMechs>
										<QText>Change Minority Code to:</QText>
										<QInstructions></QInstructions>
										<ResponseDefsList>
											<ResponseDef id="PNCQ_15_RD_ST_39" type="STRING"></ResponseDef>
											<ResponseDef id="PNCQ_15_RD_CM_40" type="COMMENT"></ResponseDef>
											<ResponseDef id="PNCQ_15_RD_FL_41" type="FILE"></ResponseDef>
										</ResponseDefsList>
									</QuestionDef>
								</SelectionDef>
								<SelectionDef id="SEL_44">
									<Value>No</Value>
								</SelectionDef>
							</ResponseDef>
							<ResponseDef id="PNCQ_15_RD_CM_42" type="COMMENT"></ResponseDef>
							<ResponseDef id="PNCQ_15_RD_FL_43" type="FILE"></ResponseDef>
						</ResponseDefsList>
					</QuestionDef>
					<QuestionDef id="PNCQ_16">
						<GrantTypeMechs>
							<TypeMech type="1" mech="R01"></TypeMech>
						</GrantTypeMechs>
						<QText>Children Code needs to be changed or assigned?</QText>
						<QInstructions></QInstructions>
						<ResponseDefsList>
							<ResponseDef id="PNCQ_16_RD_RB_44" type="RADIO">
								<SelectionDef id="SEL_45">
									<Value>Yes</Value>
									<QuestionDef id="PNCQ_17">
										<GrantTypeMechs>
											<TypeMech type="1" mech="R01"></TypeMech>
										</GrantTypeMechs>
										<QText>Change Children Code to:</QText>
										<QInstructions></QInstructions>
										<ResponseDefsList>
											<ResponseDef id="PNCQ_17_RD_ST_45" type="STRING"></ResponseDef>
											<ResponseDef id="PNCQ_17_RD_CM_46" type="COMMENT"></ResponseDef>
											<ResponseDef id="PNCQ_17_RD_FL_47" type="FILE"></ResponseDef>
										</ResponseDefsList>
									</QuestionDef>
								</SelectionDef>
								<SelectionDef id="SEL_46">
									<Value>No</Value>
								</SelectionDef>
							</ResponseDef>
							<ResponseDef id="PNCQ_17_RD_CM_48" type="COMMENT"></ResponseDef>
							<ResponseDef id="PNCQ_17_RD_FL_49" type="FILE"></ResponseDef>
						</ResponseDefsList>
					</QuestionDef>
					<QuestionDef id="PNCQ_18">
						<GrantTypeMechs>
							<TypeMech type="1" mech="R01"></TypeMech>
						</GrantTypeMechs>
						<QText>All sites (grantee and all performance sites engaged in research involving human subjects) have an OHRP-approved assurance of compliance?</QText>
						<QInstructions>(Grantee must have assurance even if research involving human subjects is conducted only at other performance sites.)</QInstructions>
						<ResponseDefsList>
							<ResponseDef id="PNCQ_18_RD_RB_50" type="RADIO">
								<SelectionDef id="SEL_47">
									<Value>Yes</Value>
								</SelectionDef>
								<SelectionDef id="SEL_48">
									<Value>No</Value>
									<QuestionDef id="PNCQ_19">
										<GrantTypeMechs>
											<TypeMech type="1" mech="R01"></TypeMech>
										</GrantTypeMechs>
										<QText>Name of site(s) needing assurance: </QText>
										<QInstructions></QInstructions>
										<ResponseDefsList>
											<ResponseDef id="PNCQ_19_RD_TX_51" type="TEXT"></ResponseDef>
											<ResponseDef id="PNCQ_19_RD_CM_52" type="COMMENT"></ResponseDef>
											<ResponseDef id="PNCQ_19_RD_FL_53" type="FILE"></ResponseDef>
										</ResponseDefsList>
									</QuestionDef>
									<QuestionDef id="PNCQ_20">
										<GrantTypeMechs>
											<TypeMech type="1" mech="R01"></TypeMech>
										</GrantTypeMechs>
										<QText>Is the project viable if the site(s) does not receive assurance?</QText>
										<QInstructions>(If No, award will be held.)</QInstructions>
										<ResponseDefsList>
											<ResponseDef id="PNCQ_20_RD_RB_54" type="RADIO">
												<SelectionDef id="SEL_49">
													<Value>Yes</Value>
												</SelectionDef>
												<SelectionDef id="SEL_50">
													<Value>No</Value>
												</SelectionDef>
											</ResponseDef>
											<ResponseDef id="PNCQ_20_RD_CM_55" type="COMMENT"></ResponseDef>
											<ResponseDef id="PNCQ_20_RD_FL_56" type="FILE"></ResponseDef>
										</ResponseDefsList>
									</QuestionDef>
									<QuestionDef id="PNCQ_21">
										<GrantTypeMechs>
											<TypeMech type="1" mech="R01"></TypeMech>
										</GrantTypeMechs>
										<QText>Date PI referred to OHRP website</QText>
										<QInstructions></QInstructions>
										<ResponseDefsList>
											<ResponseDef id="PNCQ_21_RD_DT_57" type="DATE"></ResponseDef>
											<ResponseDef id="PNCQ_21_RD_CM_58" type="COMMENT"></ResponseDef>
											<ResponseDef id="PNCQ_21_RD_FL_59" type="FILE"></ResponseDef>
										</ResponseDefsList>
									</QuestionDef>
								</SelectionDef>
							</ResponseDef>
							<ResponseDef id="PNCQ_21_RD_CM_60" type="COMMENT"></ResponseDef>
							<ResponseDef id="PNCQ_21_RD_FL_61" type="FILE"></ResponseDef>
						</ResponseDefsList>
					</QuestionDef>
					<QuestionDef id="PNCQ_22">
						<GrantTypeMechs>
							<TypeMech type="1" mech="R01"></TypeMech>
						</GrantTypeMechs>
						<QText>Research identified on face page as approved under expedited IRB  review?   </QText>
						<QInstructions></QInstructions>
						<ResponseDefsList>
							<ResponseDef id="PNCQ_22_RD_RB_62" type="RADIO">
								<SelectionDef id="SEL_51">
									<Value>Yes</Value>
									<QuestionDef id="PNCQ_23">
										<GrantTypeMechs>
											<TypeMech type="1" mech="R01"></TypeMech>
										</GrantTypeMechs>
										<QText>Research eligible for expedited review?</QText>
										<QInstructions>(If No, explanation required.If No, award will be held for full IRB Review.)</QInstructions>
										<ResponseDefsList>
											<ResponseDef id="PNCQ_23_RD_RB_63" type="RADIO">
												<SelectionDef id="SEL_52">
													<Value>Yes</Value>
												</SelectionDef>
												<SelectionDef id="SEL_53">
													<Value>No</Value>
												</SelectionDef>
											</ResponseDef>
											<ResponseDef id="PNCQ_23_RD_CM_64" type="COMMENT"></ResponseDef>
											<ResponseDef id="PNCQ_23_RD_FL_65" type="FILE"></ResponseDef>
										</ResponseDefsList>
									</QuestionDef>
								</SelectionDef>
								<SelectionDef id="SEL_54">
									<Value>No</Value>
								</SelectionDef>
							</ResponseDef>
							<ResponseDef id="PNCQ_23_RD_CM_66" type="COMMENT"></ResponseDef>
							<ResponseDef id="PNCQ_23_RD_FL_67" type="FILE"></ResponseDef>
						</ResponseDefsList>
					</QuestionDef>
					<QuestionDef id="PNCQ_24">
						<GrantTypeMechs>
							<TypeMech type="1" mech="R01"></TypeMech>
						</GrantTypeMechs>
						<QText>Research candidate for Certificate of Confidentiality?</QText>
						<QInstructions>(If Yes, informational term will be used first year identified as candidate.)</QInstructions>
						<ResponseDefsList>
							<ResponseDef id="PNCQ_24_RD_RB_68" type="RADIO">
								<SelectionDef id="SEL_55">
									<Value>Yes</Value>
								</SelectionDef>
								<SelectionDef id="SEL_56">
									<Value>No</Value>
								</SelectionDef>
							</ResponseDef>
							<ResponseDef id="PNCQ_24_RD_CM_69" type="COMMENT"></ResponseDef>
							<ResponseDef id="PNCQ_24_RD_FL_70" type="FILE"></ResponseDef>
						</ResponseDefsList>
					</QuestionDef>
					<QuestionDef id="PNCQ_25">
						<GrantTypeMechs>
							<TypeMech type="1" mech="R01"></TypeMech>
						</GrantTypeMechs>
						<QText>Does the award support Phase I/Phase II studies?</QText>
						<QInstructions></QInstructions>
						<ResponseDefsList>
							<ResponseDef id="PNCQ_25_RD_RB_71" type="RADIO">
								<SelectionDef id="SEL_57">
									<Value>Yes</Value>
									<QuestionDef id="PNCQ_26">
										<GrantTypeMechs>
											<TypeMech type="1" mech="R01"></TypeMech>
										</GrantTypeMechs>
										<QText>Data and Safety Monitoring (DSM) conducted by NCI or NCI-approved contractor?</QText>
										<QInstructions></QInstructions>
										<ResponseDefsList>
											<ResponseDef id="PNCQ_26_RD_RB_72" type="RADIO">
												<SelectionDef id="SEL_58">
													<Value>Yes</Value>
												</SelectionDef>
												<SelectionDef id="SEL_59">
													<Value>No</Value>
													<QuestionDef id="PNCQ_27">
														<GrantTypeMechs>
															<TypeMech type="1" mech="R01"></TypeMech>
														</GrantTypeMechs>
														<QText>Previously approved DSM Plan still acceptable?</QText>
														<QInstructions></QInstructions>
														<ResponseDefsList>
															<ResponseDef id="PNCQ_27_RD_RB_73" type="RADIO">
																<SelectionDef id="SEL_60">
																	<Value>Yes</Value>
																</SelectionDef>
																<SelectionDef id="SEL_61">
																	<Value>No</Value>
																	<QuestionDef id="PNCQ_28">
																		<GrantTypeMechs>
																			<TypeMech type="1" mech="R01"></TypeMech>
																		</GrantTypeMechs>
																		<QText>New or revised DSM Plan is:</QText>
																		<QInstructions>(If not approved, award will be held.)</QInstructions>
																		<ResponseDefsList>
																			<ResponseDef id="PNCQ_28_RD_DD_74" type="DROP_DOWN">
																				<SelectionDef id="SEL_62">
																					<Value>--Select an option--</Value>
																				</SelectionDef>
																				<SelectionDef id="SEL_63">
																					<Value>Approved, and in progress report</Value>
																				</SelectionDef>
																				<SelectionDef id="SEL_64">
																					<Value>Approved, and attached</Value>
																				</SelectionDef>
																				<SelectionDef id="SEL_65">
																					<Value>Approved, and sent to GAB</Value>
																				</SelectionDef>
																				<SelectionDef id="SEL_66">
																					<Value>Not approved</Value>
																				</SelectionDef>
																			</ResponseDef>
																			<ResponseDef id="PNCQ_28_RD_CM_75" type="COMMENT"></ResponseDef>
																			<ResponseDef id="PNCQ_28_RD_FL_76" type="FILE"></ResponseDef>
																		</ResponseDefsList>
																	</QuestionDef>
																</SelectionDef>
															</ResponseDef>
															<ResponseDef id="PNCQ_28_RD_CM_77" type="COMMENT"></ResponseDef>
															<ResponseDef id="PNCQ_28_RD_FL_78" type="FILE"></ResponseDef>
														</ResponseDefsList>
													</QuestionDef>
												</SelectionDef>
											</ResponseDef>
											<ResponseDef id="PNCQ_28_RD_CM_79" type="COMMENT"></ResponseDef>
											<ResponseDef id="PNCQ_28_RD_FL_80" type="FILE"></ResponseDef>
										</ResponseDefsList>
									</QuestionDef>
								</SelectionDef>
								<SelectionDef id="SEL_67">
									<Value>No</Value>
								</SelectionDef>
							</ResponseDef>
							<ResponseDef id="PNCQ_28_RD_CM_81" type="COMMENT"></ResponseDef>
							<ResponseDef id="PNCQ_28_RD_FL_82" type="FILE"></ResponseDef>
						</ResponseDefsList>
					</QuestionDef>
					<QuestionDef id="PNCQ_29">
						<GrantTypeMechs>
							<TypeMech type="1" mech="R01"></TypeMech>
						</GrantTypeMechs>
						<QText>Does the award support Phase III study?</QText>
						<QInstructions></QInstructions>
						<ResponseDefsList>
							<ResponseDef id="PNCQ_29_RD_RB_83" type="RADIO">
								<SelectionDef id="SEL_68">
									<Value>Yes</Value>
									<QuestionDef id="PNCQ_30">
										<GrantTypeMechs>
											<TypeMech type="1" mech="R01"></TypeMech>
										</GrantTypeMechs>
										<QText>Are the DSM Board members approved (by NCI Division Director or designee) and documented?</QText>
										<QInstructions></QInstructions>
										<ResponseDefsList>
											<ResponseDef id="PNCQ_30_RD_DD_84" type="DROP_DOWN">
												<SelectionDef id="SEL_69">
													<Value>--Select an option--</Value>
												</SelectionDef>
												<SelectionDef id="SEL_70">
													<Value>Not approved</Value>
												</SelectionDef>
												<SelectionDef id="SEL_71">
													<Value>Approved and documentation sent to GAB</Value>
												</SelectionDef>
												<SelectionDef id="SEL_72">
													<Value>Approved and documentation is attached</Value>
												</SelectionDef>
											</ResponseDef>
											<ResponseDef id="PNCQ_30_RD_CM_85" type="COMMENT"></ResponseDef>
											<ResponseDef id="PNCQ_30_RD_FL_86" type="FILE"></ResponseDef>
										</ResponseDefsList>
									</QuestionDef>
								</SelectionDef>
								<SelectionDef id="SEL_73">
									<Value>No</Value>
								</SelectionDef>
							</ResponseDef>
							<ResponseDef id="PNCQ_30_RD_CM_87" type="COMMENT"></ResponseDef>
							<ResponseDef id="PNCQ_30_RD_FL_88" type="FILE"></ResponseDef>
						</ResponseDefsList>
					</QuestionDef>
				</SelectionDef>
			</ResponseDef>
			<ResponseDef id="PNCQ_30_RD_CM_89" type="COMMENT"></ResponseDef>
			<ResponseDef id="PNCQ_30_RD_FL_90" type="FILE"></ResponseDef>
		</ResponseDefsList>
	</QuestionDef>
	<QuestionDef id="PNCQ_31">
		<GrantTypeMechs>
			<TypeMech type="1" mech="R01"></TypeMech>
		</GrantTypeMechs>
		<QText>Live Vertebrate Animals involved?</QText>
		<QInstructions></QInstructions>
		<ResponseDefsList>
			<ResponseDef id="PNCQ_31_RD_RB_91" type="RADIO">
				<SelectionDef id="SEL_74">
					<Value>Yes</Value>
					<QuestionDef id="PNCQ_32">
						<GrantTypeMechs>
							<TypeMech type="1" mech="R01"></TypeMech>
						</GrantTypeMechs>
						<QText>All sites (grantee and any performance sites) engaged in research involving live vertebrate animals have an OLAW-approved animal welfare assurance?</QText>
						<QInstructions>(If No, award must be held unless OLAW approves assurance(s) or issuance of restricted award.Grantee must have an assurance even if research involving live vertebrate animals is conducted at other performance sites.)</QInstructions>
						<ResponseDefsList>
							<ResponseDef id="PNCQ_32_RD_RB_92" type="RADIO">
								<SelectionDef id="SEL_75">
									<Value>Yes</Value>
								</SelectionDef>
								<SelectionDef id="SEL_76">
									<Value>No</Value>
									<QuestionDef id="PNCQ_33">
										<GrantTypeMechs>
											<TypeMech type="1" mech="R01"></TypeMech>
										</GrantTypeMechs>
										<QText>Name of site(s) needing assurance:</QText>
										<QInstructions></QInstructions>
										<ResponseDefsList>
											<ResponseDef id="PNCQ_33_RD_TX_93" type="TEXT"></ResponseDef>
											<ResponseDef id="PNCQ_33_RD_CM_94" type="COMMENT"></ResponseDef>
											<ResponseDef id="PNCQ_33_RD_FL_95" type="FILE"></ResponseDef>
										</ResponseDefsList>
									</QuestionDef>
									<QuestionDef id="PNCQ_34">
										<GrantTypeMechs>
											<TypeMech type="1" mech="R01"></TypeMech>
										</GrantTypeMechs>
										<QText>If site(s) in 9.a.3. does not receive assurance, will   project be viable?</QText>
										<QInstructions></QInstructions>
										<ResponseDefsList>
											<ResponseDef id="PNCQ_34_RD_RB_96" type="RADIO">
												<SelectionDef id="SEL_77">
													<Value>Yes</Value>
												</SelectionDef>
												<SelectionDef id="SEL_78">
													<Value>No</Value>
												</SelectionDef>
											</ResponseDef>
											<ResponseDef id="PNCQ_34_RD_CM_97" type="COMMENT"></ResponseDef>
											<ResponseDef id="PNCQ_34_RD_FL_98" type="FILE"></ResponseDef>
										</ResponseDefsList>
									</QuestionDef>
									<QuestionDef id="PNCQ_35">
										<GrantTypeMechs>
											<TypeMech type="1" mech="R01"></TypeMech>
										</GrantTypeMechs>
										<QText>Date assurance documents sent to OLAW:</QText>
										<QInstructions></QInstructions>
										<ResponseDefsList>
											<ResponseDef id="PNCQ_35_RD_DT_99" type="DATE"></ResponseDef>
											<ResponseDef id="PNCQ_35_RD_CM_100" type="COMMENT"></ResponseDef>
											<ResponseDef id="PNCQ_35_RD_FL_101" type="FILE"></ResponseDef>
										</ResponseDefsList>
									</QuestionDef>
								</SelectionDef>
							</ResponseDef>
							<ResponseDef id="PNCQ_35_RD_CM_102" type="COMMENT"></ResponseDef>
							<ResponseDef id="PNCQ_35_RD_FL_103" type="FILE"></ResponseDef>
						</ResponseDefsList>
					</QuestionDef>
					<QuestionDef id="PNCQ_36">
						<GrantTypeMechs>
							<TypeMech type="1" mech="R01"></TypeMech>
						</GrantTypeMechs>
						<QText>Use of vertebrate animals changed from last year?</QText>
						<QInstructions></QInstructions>
						<ResponseDefsList>
							<ResponseDef id="PNCQ_36_RD_RB_104" type="RADIO">
								<SelectionDef id="SEL_79">
									<Value>Yes</Value>
									<QuestionDef id="PNCQ_37">
										<GrantTypeMechs>
											<TypeMech type="1" mech="R01"></TypeMech>
										</GrantTypeMechs>
										<QText>Change(s) within scope of current objectives and approved?</QText>
										<QInstructions>(If No, explanation  required.)</QInstructions>
										<ResponseDefsList>
											<ResponseDef id="PNCQ_37_RD_DD_105" type="DROP_DOWN">
												<SelectionDef id="SEL_80">
													<Value>--Select an option--</Value>
												</SelectionDef>
												<SelectionDef id="SEL_81">
													<Value>Yes, in scope and approved</Value>
												</SelectionDef>
												<SelectionDef id="SEL_82">
													<Value>Yes, in scope and not approved</Value>
												</SelectionDef>
												<SelectionDef id="SEL_83">
													<Value>No</Value>
													<QuestionDef id="PNCQ_38">
														<GrantTypeMechs>
															<TypeMech type="1" mech="R01"></TypeMech>
														</GrantTypeMechs>
														<QText>Explanation Required: </QText>
														<QInstructions></QInstructions>
														<ResponseDefsList>
															<ResponseDef id="PNCQ_38_RD_TX_106" type="TEXT"></ResponseDef>
															<ResponseDef id="PNCQ_38_RD_CM_107" type="COMMENT"></ResponseDef>
															<ResponseDef id="PNCQ_38_RD_FL_108" type="FILE"></ResponseDef>
														</ResponseDefsList>
													</QuestionDef>
												</SelectionDef>
											</ResponseDef>
											<ResponseDef id="PNCQ_38_RD_CM_109" type="COMMENT"></ResponseDef>
											<ResponseDef id="PNCQ_38_RD_FL_110" type="FILE"></ResponseDef>
										</ResponseDefsList>
									</QuestionDef>
								</SelectionDef>
								<SelectionDef id="SEL_84">
									<Value>No</Value>
								</SelectionDef>
							</ResponseDef>
							<ResponseDef id="PNCQ_38_RD_CM_111" type="COMMENT"></ResponseDef>
							<ResponseDef id="PNCQ_38_RD_FL_112" type="FILE"></ResponseDef>
						</ResponseDefsList>
					</QuestionDef>
				</SelectionDef>
				<SelectionDef id="SEL_85">
					<Value>No</Value>
				</SelectionDef>
			</ResponseDef>
			<ResponseDef id="PNCQ_38_RD_CM_113" type="COMMENT"></ResponseDef>
			<ResponseDef id="PNCQ_38_RD_FL_114" type="FILE"></ResponseDef>
		</ResponseDefsList>
	</QuestionDef>
	<QuestionDef id="PNCQ_39">
		<GrantTypeMechs>
			<TypeMech type="1" mech="R01"></TypeMech>
		</GrantTypeMechs>
		<QText>Biohazard term needed? </QText>
		<QInstructions>(If Yes, informational term will be used.)</QInstructions>
		<ResponseDefsList>
			<ResponseDef id="PNCQ_39_RD_RB_115" type="RADIO">
				<SelectionDef id="SEL_86">
					<Value>Yes</Value>
				</SelectionDef>
				<SelectionDef id="SEL_87">
					<Value>No</Value>
				</SelectionDef>
			</ResponseDef>
			<ResponseDef id="PNCQ_39_RD_CM_116" type="COMMENT"></ResponseDef>
			<ResponseDef id="PNCQ_39_RD_FL_117" type="FILE"></ResponseDef>
		</ResponseDefsList>
	</QuestionDef>
	<QuestionDef id="PNCQ_40">
		<GrantTypeMechs>
			<TypeMech type="1" mech="R01"></TypeMech>
		</GrantTypeMechs>
		<QText>Research objectives/goals/scope changed significantly and approved since last award?* </QText>
		<QInstructions>(If change not approved, explanation required).</QInstructions>
		<ResponseDefsList>
			<ResponseDef id="PNCQ_40_RD_DD_118" type="DROP_DOWN">
				<SelectionDef id="SEL_88">
					<Value>--Select an option--</Value>
				</SelectionDef>
				<SelectionDef id="SEL_89">
					<Value>Changed, and approved</Value>
				</SelectionDef>
				<SelectionDef id="SEL_90">
					<Value>Changed, but not approved</Value>
					<QuestionDef id="PNCQ_41">
						<GrantTypeMechs>
							<TypeMech type="1" mech="R01"></TypeMech>
						</GrantTypeMechs>
						<QText>Explanation Required: </QText>
						<QInstructions></QInstructions>
						<ResponseDefsList>
							<ResponseDef id="PNCQ_41_RD_TX_119" type="TEXT"></ResponseDef>
							<ResponseDef id="PNCQ_41_RD_CM_120" type="COMMENT"></ResponseDef>
							<ResponseDef id="PNCQ_41_RD_FL_121" type="FILE"></ResponseDef>
						</ResponseDefsList>
					</QuestionDef>
				</SelectionDef>
				<SelectionDef id="SEL_91">
					<Value>No change</Value>
				</SelectionDef>
			</ResponseDef>
			<ResponseDef id="PNCQ_41_RD_CM_122" type="COMMENT"></ResponseDef>
			<ResponseDef id="PNCQ_41_RD_FL_123" type="FILE"></ResponseDef>
		</ResponseDefsList>
	</QuestionDef>
	<QuestionDef id="PNCQ_42">
		<GrantTypeMechs>
			<TypeMech type="1" mech="R01"></TypeMech>
		</GrantTypeMechs>
		<QText>Other support:</QText>
		<QInstructions>(If not approved, explanation required.) </QInstructions>
		<ResponseDefsList>
			<ResponseDef id="PNCQ_42_RD_DD_124" type="DROP_DOWN">
				<SelectionDef id="SEL_92">
					<Value>--Select an option--</Value>
				</SelectionDef>
				<SelectionDef id="SEL_93">
					<Value>Change approved</Value>
				</SelectionDef>
				<SelectionDef id="SEL_94">
					<Value>No change</Value>
				</SelectionDef>
				<SelectionDef id="SEL_95">
					<Value>Change not approved</Value>
					<QuestionDef id="PNCQ_43">
						<GrantTypeMechs>
							<TypeMech type="1" mech="R01"></TypeMech>
						</GrantTypeMechs>
						<QText>Explanation Required: </QText>
						<QInstructions></QInstructions>
						<ResponseDefsList>
							<ResponseDef id="PNCQ_43_RD_TX_125" type="TEXT"></ResponseDef>
							<ResponseDef id="PNCQ_43_RD_CM_126" type="COMMENT"></ResponseDef>
							<ResponseDef id="PNCQ_43_RD_FL_127" type="FILE"></ResponseDef>
						</ResponseDefsList>
					</QuestionDef>
				</SelectionDef>
			</ResponseDef>
			<ResponseDef id="PNCQ_43_RD_CM_128" type="COMMENT"></ResponseDef>
			<ResponseDef id="PNCQ_43_RD_FL_129" type="FILE"></ResponseDef>
		</ResponseDefsList>
	</QuestionDef>
	<QuestionDef id="PNCQ_44">
		<GrantTypeMechs>
			<TypeMech type="1" mech="R01"></TypeMech>
		</GrantTypeMechs>
		<QText>Any scientific overlap?</QText>
		<QInstructions>(If Yes, explanation required.)</QInstructions>
		<ResponseDefsList>
			<ResponseDef id="PNCQ_44_RD_RB_130" type="RADIO">
				<SelectionDef id="SEL_96">
					<Value>Yes</Value>
					<QuestionDef id="PNCQ_45">
						<GrantTypeMechs>
							<TypeMech type="1" mech="R01"></TypeMech>
						</GrantTypeMechs>
						<QText>Explanation Required: </QText>
						<QInstructions></QInstructions>
						<ResponseDefsList>
							<ResponseDef id="PNCQ_45_RD_TX_131" type="TEXT"></ResponseDef>
							<ResponseDef id="PNCQ_45_RD_CM_132" type="COMMENT"></ResponseDef>
							<ResponseDef id="PNCQ_45_RD_FL_133" type="FILE"></ResponseDef>
						</ResponseDefsList>
					</QuestionDef>
				</SelectionDef>
				<SelectionDef id="SEL_97">
					<Value>No</Value>
				</SelectionDef>
			</ResponseDef>
			<ResponseDef id="PNCQ_45_RD_CM_134" type="COMMENT"></ResponseDef>
			<ResponseDef id="PNCQ_45_RD_FL_135" type="FILE"></ResponseDef>
		</ResponseDefsList>
	</QuestionDef>
	<QuestionDef id="PNCQ_46">
		<GrantTypeMechs>
			<TypeMech type="1" mech="R01"></TypeMech>
		</GrantTypeMechs>
		<QText>Substantial foreign involvement added since last award?  </QText>
		<QInstructions></QInstructions>
		<ResponseDefsList>
			<ResponseDef id="PNCQ_46_RD_RB_136" type="RADIO">
				<SelectionDef id="SEL_98">
					<Value>Yes</Value>
					<QuestionDef id="PNCQ_47">
						<GrantTypeMechs>
							<TypeMech type="1" mech="R01"></TypeMech>
						</GrantTypeMechs>
						<QText>Name of site(s):   </QText>
						<QInstructions></QInstructions>
						<ResponseDefsList>
							<ResponseDef id="PNCQ_47_RD_TX_137" type="TEXT"></ResponseDef>
							<ResponseDef id="PNCQ_47_RD_CM_138" type="COMMENT"></ResponseDef>
							<ResponseDef id="PNCQ_47_RD_FL_139" type="FILE"></ResponseDef>
						</ResponseDefsList>
					</QuestionDef>
					<QuestionDef id="PNCQ_48">
						<GrantTypeMechs>
							<TypeMech type="1" mech="R01"></TypeMech>
						</GrantTypeMechs>
						<QText>Is project viable without site(s) needing State Department concurrence?</QText>
						<QInstructions>(If No, award will be held)</QInstructions>
						<ResponseDefsList>
							<ResponseDef id="PNCQ_48_RD_RB_140" type="RADIO">
								<SelectionDef id="SEL_99">
									<Value>Yes</Value>
								</SelectionDef>
								<SelectionDef id="SEL_100">
									<Value>No</Value>
								</SelectionDef>
							</ResponseDef>
							<ResponseDef id="PNCQ_48_RD_CM_141" type="COMMENT"></ResponseDef>
							<ResponseDef id="PNCQ_48_RD_FL_142" type="FILE"></ResponseDef>
						</ResponseDefsList>
					</QuestionDef>
					<QuestionDef id="PNCQ_49">
						<GrantTypeMechs>
							<TypeMech type="1" mech="R01"></TypeMech>
						</GrantTypeMechs>
						<QText>Date NIH Form 1820 sent to Fogarty Center. </QText>
						<QInstructions></QInstructions>
						<ResponseDefsList>
							<ResponseDef id="PNCQ_49_RD_DT_143" type="DATE"></ResponseDef>
							<ResponseDef id="PNCQ_49_RD_CM_144" type="COMMENT"></ResponseDef>
							<ResponseDef id="PNCQ_49_RD_FL_145" type="FILE"></ResponseDef>
						</ResponseDefsList>
					</QuestionDef>
					<QuestionDef id="PNCQ_50">
						<GrantTypeMechs>
							<TypeMech type="1" mech="R01"></TypeMech>
						</GrantTypeMechs>
						<QText>State Department concurrence received?</QText>
						<QInstructions>(If No, explanation required.)</QInstructions>
						<ResponseDefsList>
							<ResponseDef id="PNCQ_50_RD_DD_146" type="DROP_DOWN">
								<SelectionDef id="SEL_101">
									<Value>--Select an option--</Value>
								</SelectionDef>
								<SelectionDef id="SEL_102">
									<Value>Yes, attached</Value>
								</SelectionDef>
								<SelectionDef id="SEL_103">
									<Value>Yes, sent to GAB</Value>
								</SelectionDef>
								<SelectionDef id="SEL_104">
									<Value>No</Value>
									<QuestionDef id="PNCQ_51">
										<GrantTypeMechs>
											<TypeMech type="1" mech="R01"></TypeMech>
										</GrantTypeMechs>
										<QText>Explanation Required: </QText>
										<QInstructions></QInstructions>
										<ResponseDefsList>
											<ResponseDef id="PNCQ_51_RD_TX_147" type="TEXT"></ResponseDef>
											<ResponseDef id="PNCQ_51_RD_CM_148" type="COMMENT"></ResponseDef>
											<ResponseDef id="PNCQ_51_RD_FL_149" type="FILE"></ResponseDef>
										</ResponseDefsList>
									</QuestionDef>
								</SelectionDef>
							</ResponseDef>
							<ResponseDef id="PNCQ_51_RD_CM_150" type="COMMENT"></ResponseDef>
							<ResponseDef id="PNCQ_51_RD_FL_151" type="FILE"></ResponseDef>
						</ResponseDefsList>
					</QuestionDef>
				</SelectionDef>
				<SelectionDef id="SEL_105">
					<Value>No</Value>
				</SelectionDef>
			</ResponseDef>
			<ResponseDef id="PNCQ_51_RD_CM_152" type="COMMENT"></ResponseDef>
			<ResponseDef id="PNCQ_51_RD_FL_153" type="FILE"></ResponseDef>
		</ResponseDefsList>
	</QuestionDef>
	<QuestionDef id="PNCQ_52">
		<GrantTypeMechs>
			<TypeMech type="1" mech="R01"></TypeMech>
		</GrantTypeMechs>
		<QText>Does progress report request carryover?   </QText>
		<QInstructions></QInstructions>
		<ResponseDefsList>
			<ResponseDef id="PNCQ_52_RD_RB_154" type="RADIO">
				<SelectionDef id="SEL_106">
					<Value>Yes</Value>
					<QuestionDef id="PNCQ_53">
						<GrantTypeMechs>
							<TypeMech type="1" mech="R01"></TypeMech>
						</GrantTypeMechs>
						<QText>Sufficient scientific justification included in application?</QText>
						<QInstructions>(If No, explanation required so GAB can follow up with grantee.)</QInstructions>
						<ResponseDefsList>
							<ResponseDef id="PNCQ_53_RD_RB_155" type="RADIO">
								<SelectionDef id="SEL_107">
									<Value>Yes</Value>
									<QuestionDef id="PNCQ_54">
										<GrantTypeMechs>
											<TypeMech type="1" mech="R01"></TypeMech>
										</GrantTypeMechs>
										<QText>Carryover recommended for approval?</QText>
										<QInstructions> (If No, explanation required.)</QInstructions>
										<ResponseDefsList>
											<ResponseDef id="PNCQ_54_RD_RB_156" type="RADIO">
												<SelectionDef id="SEL_108">
													<Value>Yes</Value>
												</SelectionDef>
												<SelectionDef id="SEL_109">
													<Value> No</Value>
													<QuestionDef id="PNCQ_55">
														<GrantTypeMechs>
															<TypeMech type="1" mech="R01"></TypeMech>
														</GrantTypeMechs>
														<QText>Explanation Required: </QText>
														<QInstructions></QInstructions>
														<ResponseDefsList>
															<ResponseDef id="PNCQ_55_RD_TX_157" type="TEXT"></ResponseDef>
															<ResponseDef id="PNCQ_55_RD_CM_158" type="COMMENT"></ResponseDef>
															<ResponseDef id="PNCQ_55_RD_FL_159" type="FILE"></ResponseDef>
														</ResponseDefsList>
													</QuestionDef>
												</SelectionDef>
											</ResponseDef>
											<ResponseDef id="PNCQ_55_RD_CM_160" type="COMMENT"></ResponseDef>
											<ResponseDef id="PNCQ_55_RD_FL_161" type="FILE"></ResponseDef>
										</ResponseDefsList>
									</QuestionDef>
								</SelectionDef>
								<SelectionDef id="SEL_110">
									<Value> No</Value>
									<QuestionDef id="PNCQ_56">
										<GrantTypeMechs>
											<TypeMech type="1" mech="R01"></TypeMech>
										</GrantTypeMechs>
										<QText>Explanation Required: </QText>
										<QInstructions></QInstructions>
										<ResponseDefsList>
											<ResponseDef id="PNCQ_56_RD_TX_162" type="TEXT"></ResponseDef>
											<ResponseDef id="PNCQ_56_RD_CM_163" type="COMMENT"></ResponseDef>
											<ResponseDef id="PNCQ_56_RD_FL_164" type="FILE"></ResponseDef>
										</ResponseDefsList>
									</QuestionDef>
								</SelectionDef>
							</ResponseDef>
							<ResponseDef id="PNCQ_56_RD_CM_165" type="COMMENT"></ResponseDef>
							<ResponseDef id="PNCQ_56_RD_FL_166" type="FILE"></ResponseDef>
						</ResponseDefsList>
					</QuestionDef>
				</SelectionDef>
				<SelectionDef id="SEL_111">
					<Value> No</Value>
				</SelectionDef>
			</ResponseDef>
			<ResponseDef id="PNCQ_56_RD_CM_167" type="COMMENT"></ResponseDef>
			<ResponseDef id="PNCQ_56_RD_FL_168" type="FILE"></ResponseDef>
		</ResponseDefsList>
	</QuestionDef>
	<QuestionDef id="PNCQ_57">
		<GrantTypeMechs>
			<TypeMech type="1" mech="R01"></TypeMech>
		</GrantTypeMechs>
		<QText>Minority supplement involved?  </QText>
		<QInstructions></QInstructions>
		<ResponseDefsList>
			<ResponseDef id="PNCQ_57_RD_RB_169" type="RADIO">
				<SelectionDef id="SEL_112">
					<Value>Yes</Value>
					<QuestionDef id="PNCQ_58">
						<GrantTypeMechs>
							<TypeMech type="1" mech="R01"></TypeMech>
						</GrantTypeMechs>
						<QText>Progress acceptable?</QText>
						<QInstructions>(If No, explanation required.)</QInstructions>
						<ResponseDefsList>
							<ResponseDef id="PNCQ_58_RD_RB_170" type="RADIO">
								<SelectionDef id="SEL_113">
									<Value>Yes</Value>
								</SelectionDef>
								<SelectionDef id="SEL_114">
									<Value> No</Value>
									<QuestionDef id="PNCQ_59">
										<GrantTypeMechs>
											<TypeMech type="1" mech="R01"></TypeMech>
										</GrantTypeMechs>
										<QText>Explanation Required: </QText>
										<QInstructions></QInstructions>
										<ResponseDefsList>
											<ResponseDef id="PNCQ_59_RD_TX_171" type="TEXT"></ResponseDef>
											<ResponseDef id="PNCQ_59_RD_CM_172" type="COMMENT"></ResponseDef>
											<ResponseDef id="PNCQ_59_RD_FL_173" type="FILE"></ResponseDef>
										</ResponseDefsList>
									</QuestionDef>
								</SelectionDef>
							</ResponseDef>
							<ResponseDef id="PNCQ_59_RD_CM_174" type="COMMENT"></ResponseDef>
							<ResponseDef id="PNCQ_59_RD_FL_175" type="FILE"></ResponseDef>
						</ResponseDefsList>
					</QuestionDef>
				</SelectionDef>
				<SelectionDef id="SEL_115">
					<Value> No</Value>
				</SelectionDef>
			</ResponseDef>
			<ResponseDef id="PNCQ_59_RD_CM_176" type="COMMENT"></ResponseDef>
			<ResponseDef id="PNCQ_59_RD_FL_177" type="FILE"></ResponseDef>
		</ResponseDefsList>
	</QuestionDef>
	<QuestionDef id="PNCQ_60">
		<GrantTypeMechs>
			<TypeMech type="1" mech="R01"></TypeMech>
		</GrantTypeMechs>
		<QText>Progress satisfactory for continued funding?</QText>
		<QInstructions>(If No, explanation required.)</QInstructions>
		<ResponseDefsList>
			<ResponseDef id="PNCQ_60_RD_RB_178" type="RADIO">
				<SelectionDef id="SEL_116">
					<Value>Yes</Value>
				</SelectionDef>
				<SelectionDef id="SEL_117">
					<Value> No</Value>
					<QuestionDef id="PNCQ_61">
						<GrantTypeMechs>
							<TypeMech type="1" mech="R01"></TypeMech>
						</GrantTypeMechs>
						<QText>Explanation Required: </QText>
						<QInstructions></QInstructions>
						<ResponseDefsList>
							<ResponseDef id="PNCQ_61_RD_TX_179" type="TEXT"></ResponseDef>
							<ResponseDef id="PNCQ_61_RD_CM_180" type="COMMENT"></ResponseDef>
							<ResponseDef id="PNCQ_61_RD_FL_181" type="FILE"></ResponseDef>
						</ResponseDefsList>
					</QuestionDef>
				</SelectionDef>
			</ResponseDef>
			<ResponseDef id="PNCQ_61_RD_CM_182" type="COMMENT"></ResponseDef>
			<ResponseDef id="PNCQ_61_RD_FL_183" type="FILE"></ResponseDef>
		</ResponseDefsList>
	</QuestionDef>
	<QuestionDef id="PNCQ_62">
		<GrantTypeMechs>
			<TypeMech type="1" mech="R01"></TypeMech>
		</GrantTypeMechs>
		<QText>Any change in key personnel?</QText>
		<QInstructions> (All changes require an explanation.)</QInstructions>
		<ResponseDefsList>
			<ResponseDef id="PNCQ_62_RD_DD_184" type="DROP_DOWN">
				<SelectionDef id="SEL_118">
					<Value>--Select an option--</Value>
				</SelectionDef>
				<SelectionDef id="SEL_119">
					<Value>Yes, approved but has no impact</Value>
				</SelectionDef>
				<SelectionDef id="SEL_120">
					<Value>No</Value>
				</SelectionDef>
				<SelectionDef id="SEL_121">
					<Value>Yes, approved and has impact</Value>
					<QuestionDef id="PNCQ_63">
						<GrantTypeMechs>
							<TypeMech type="1" mech="R01"></TypeMech>
						</GrantTypeMechs>
						<QText>Explanation Required: </QText>
						<QInstructions></QInstructions>
						<ResponseDefsList>
							<ResponseDef id="PNCQ_63_RD_TX_185" type="TEXT"></ResponseDef>
							<ResponseDef id="PNCQ_63_RD_CM_186" type="COMMENT"></ResponseDef>
							<ResponseDef id="PNCQ_63_RD_FL_187" type="FILE"></ResponseDef>
						</ResponseDefsList>
					</QuestionDef>
				</SelectionDef>
				<SelectionDef id="SEL_122">
					<Value>Yes, but not approved</Value>
					<QuestionDef id="PNCQ_64">
						<GrantTypeMechs>
							<TypeMech type="1" mech="R01"></TypeMech>
						</GrantTypeMechs>
						<QText>Explanation Required: </QText>
						<QInstructions></QInstructions>
						<ResponseDefsList>
							<ResponseDef id="PNCQ_64_RD_TX_188" type="TEXT"></ResponseDef>
							<ResponseDef id="PNCQ_64_RD_CM_189" type="COMMENT"></ResponseDef>
							<ResponseDef id="PNCQ_64_RD_FL_190" type="FILE"></ResponseDef>
						</ResponseDefsList>
					</QuestionDef>
				</SelectionDef>
			</ResponseDef>
			<ResponseDef id="PNCQ_64_RD_CM_191" type="COMMENT"></ResponseDef>
			<ResponseDef id="PNCQ_64_RD_FL_192" type="FILE"></ResponseDef>
		</ResponseDefsList>
	</QuestionDef>
	<QuestionDef id="PNCQ_65">
		<GrantTypeMechs>
			<TypeMech type="1" mech="R01"></TypeMech>
		</GrantTypeMechs>
		<QText>Are there significant changes in the level of effort of key personnel?</QText>
		<QInstructions>(All changes require an explanation.)</QInstructions>
		<ResponseDefsList>
			<ResponseDef id="PNCQ_65_RD_DD_193" type="DROP_DOWN">
				<SelectionDef id="SEL_123">
					<Value>--Select an option--</Value>
				</SelectionDef>
				<SelectionDef id="SEL_124">
					<Value>Yes, approved but has no impact</Value>
				</SelectionDef>
				<SelectionDef id="SEL_125">
					<Value>No</Value>
				</SelectionDef>
				<SelectionDef id="SEL_126">
					<Value>Yes, approved and has impact</Value>
					<QuestionDef id="PNCQ_66">
						<GrantTypeMechs>
							<TypeMech type="1" mech="R01"></TypeMech>
						</GrantTypeMechs>
						<QText>Explanation Required: </QText>
						<QInstructions></QInstructions>
						<ResponseDefsList>
							<ResponseDef id="PNCQ_66_RD_TX_194" type="TEXT"></ResponseDef>
							<ResponseDef id="PNCQ_66_RD_CM_195" type="COMMENT"></ResponseDef>
							<ResponseDef id="PNCQ_66_RD_FL_196" type="FILE"></ResponseDef>
						</ResponseDefsList>
					</QuestionDef>
				</SelectionDef>
				<SelectionDef id="SEL_127">
					<Value>Yes, but not approved</Value>
					<QuestionDef id="PNCQ_67">
						<GrantTypeMechs>
							<TypeMech type="1" mech="R01"></TypeMech>
						</GrantTypeMechs>
						<QText>Explanation Required: </QText>
						<QInstructions></QInstructions>
						<ResponseDefsList>
							<ResponseDef id="PNCQ_67_RD_TX_197" type="TEXT"></ResponseDef>
							<ResponseDef id="PNCQ_67_RD_CM_198" type="COMMENT"></ResponseDef>
							<ResponseDef id="PNCQ_67_RD_FL_199" type="FILE"></ResponseDef>
						</ResponseDefsList>
					</QuestionDef>
				</SelectionDef>
			</ResponseDef>
			<ResponseDef id="PNCQ_67_RD_CM_200" type="COMMENT"></ResponseDef>
			<ResponseDef id="PNCQ_67_RD_FL_201" type="FILE"></ResponseDef>
		</ResponseDefsList>
	</QuestionDef>
	<QuestionDef id="PNCQ_68">
		<GrantTypeMechs>
			<TypeMech type="1" mech="R01"></TypeMech>
		</GrantTypeMechs>
		<QText>Are any inventions mentioned in the text of the progress report that are not noted on the face page of the progress report?</QText>
		<QInstructions></QInstructions>
		<ResponseDefsList>
			<ResponseDef id="PNCQ_68_RD_RB_202" type="RADIO">
				<SelectionDef id="SEL_128">
					<Value>Yes</Value>
					<QuestionDef id="PNCQ_69">
						<GrantTypeMechs>
							<TypeMech type="1" mech="R01"></TypeMech>
						</GrantTypeMechs>
						<QText>Explain the actions that have been taken.</QText>
						<QInstructions>(Explanation required. Discuss with PI and report invention using IEdison Report Lite:   https://dali.cc.nih.gov/erl/.  This link requires a password.  Call 301-435-1986 for a password.)</QInstructions>
						<ResponseDefsList>
							<ResponseDef id="PNCQ_69_RD_TX_203" type="TEXT"></ResponseDef>
							<ResponseDef id="PNCQ_69_RD_CM_204" type="COMMENT"></ResponseDef>
							<ResponseDef id="PNCQ_69_RD_FL_205" type="FILE"></ResponseDef>
						</ResponseDefsList>
					</QuestionDef>
				</SelectionDef>
				<SelectionDef id="SEL_129">
					<Value>No</Value>
				</SelectionDef>
			</ResponseDef>
			<ResponseDef id="PNCQ_69_RD_CM_206" type="COMMENT"></ResponseDef>
			<ResponseDef id="PNCQ_69_RD_FL_207" type="FILE"></ResponseDef>
		</ResponseDefsList>
	</QuestionDef>
	<QuestionDef id="PNCQ_70">
		<GrantTypeMechs>
			<TypeMech type="1" mech="R01"></TypeMech>
		</GrantTypeMechs>
		<QText>Any program concerns that should be resolved prior to issuing an award?</QText>
		<QInstructions>(If Yes, explanation required.)</QInstructions>
		<ResponseDefsList>
			<ResponseDef id="PNCQ_70_RD_RB_208" type="RADIO">
				<SelectionDef id="SEL_130">
					<Value>Yes</Value>
					<QuestionDef id="PNCQ_71">
						<GrantTypeMechs>
							<TypeMech type="1" mech="R01"></TypeMech>
						</GrantTypeMechs>
						<QText>Explanation Required: </QText>
						<QInstructions></QInstructions>
						<ResponseDefsList>
							<ResponseDef id="PNCQ_71_RD_TX_209" type="TEXT"></ResponseDef>
							<ResponseDef id="PNCQ_71_RD_CM_210" type="COMMENT"></ResponseDef>
							<ResponseDef id="PNCQ_71_RD_FL_211" type="FILE"></ResponseDef>
						</ResponseDefsList>
					</QuestionDef>
				</SelectionDef>
				<SelectionDef id="SEL_131">
					<Value>No</Value>
				</SelectionDef>
			</ResponseDef>
			<ResponseDef id="PNCQ_71_RD_CM_212" type="COMMENT"></ResponseDef>
			<ResponseDef id="PNCQ_71_RD_FL_213" type="FILE"></ResponseDef>
		</ResponseDefsList>
	</QuestionDef>
	<QuestionDef id="PNCQ_72">
		<GrantTypeMechs>
			<TypeMech type="1" mech="R01"></TypeMech>
		</GrantTypeMechs>
		<QText>Funding Recommendation: </QText>
		<QInstructions></QInstructions>
		<ResponseDefsList>
			<ResponseDef id="PNCQ_72_RD_RB_214" type="RADIO">
				<SelectionDef id="SEL_132">
					<Value>Committed level</Value>
				</SelectionDef>
				<SelectionDef id="SEL_133">
					<Value> Other (must explain)</Value>
					<QuestionDef id="PNCQ_73">
						<GrantTypeMechs>
							<TypeMech type="1" mech="R01"></TypeMech>
						</GrantTypeMechs>
						<QText>Explanation Required: </QText>
						<QInstructions></QInstructions>
						<ResponseDefsList>
							<ResponseDef id="PNCQ_73_RD_TX_215" type="TEXT"></ResponseDef>
							<ResponseDef id="PNCQ_73_RD_CM_216" type="COMMENT"></ResponseDef>
							<ResponseDef id="PNCQ_73_RD_FL_217" type="FILE"></ResponseDef>
						</ResponseDefsList>
					</QuestionDef>
				</SelectionDef>
			</ResponseDef>
			<ResponseDef id="PNCQ_73_RD_CM_218" type="COMMENT"></ResponseDef>
			<ResponseDef id="PNCQ_73_RD_FL_219" type="FILE"></ResponseDef>
		</ResponseDefsList>
	</QuestionDef>
</GreensheetQuestions>
