<?xml version="1.0"?>
<SampleQuestionDefs>
	<QuestionDef id="SNQ_ExplanationRequired">
		<GrantTypeMechs>
			<TypeMech type="5" mech="R01"/>
			<TypeMech type="8" mech="R01"/>
			<TypeMech type="5" mech="P01"/>
			<TypeMech type="8" mech="P01"/>
			<TypeMech type="5" mech="R03"/>
			<TypeMech type="8" mech="R03"/>
			<TypeMech type="5" mech="R21"/>
			<TypeMech type="8" mech="R21"/>
			<TypeMech type="5" mech="R29"/>
			<TypeMech type="8" mech="R30"/>
			<TypeMech type="5" mech="R33"/>
			<TypeMech type="8" mech="R33"/>
			<TypeMech type="5" mech="R37"/>
			<TypeMech type="8" mech="R37"/>
			<TypeMech type="5" mech="R37"/>
			<TypeMech type="8" mech="R41"/>
			<TypeMech type="5" mech="R42"/>
			<TypeMech type="8" mech="R42"/>
			<TypeMech type="5" mech="R43"/>
			<TypeMech type="5" mech="R44"/>
			<TypeMech type="8" mech="R44"/>
			<TypeMech type="5" mech="R55"/>
			<TypeMech type="8" mech="R55"/>
			<TypeMech type="5" mech="U01"/>
			<TypeMech type="8" mech="U01"/>
			<TypeMech type="5" mech="U19"/>
			<TypeMech type="8" mech="U19"/>
			<TypeMech type="5" mech="U41"/>
			<TypeMech type="8" mech="U41"/>
			<TypeMech type="5" mech="U42"/>
			<TypeMech type="8" mech="U42"/>
			<TypeMech type="5" mech="U43"/>
			<TypeMech type="8" mech="U43"/>
			<TypeMech type="5" mech="U44"/>
			<TypeMech type="8" mech="U44"/>
			<TypeMech type="5" mech="P20"/>
			<TypeMech type="8" mech="P20"/>
			<TypeMech type="5" mech="P30"/>
			<TypeMech type="8" mech="P30"/>
			<TypeMech type="5" mech="P50"/>
			<TypeMech type="8" mech="P50"/>
			<TypeMech type="5" mech="U54"/>
			<TypeMech type="8" mech="U54"/>
			<TypeMech type="5" mech="K01"/>
			<TypeMech type="8" mech="K01"/>
			<TypeMech type="5" mech="K05"/>
			<TypeMech type="8" mech="K05"/>
			<TypeMech type="5" mech="K07"/>
			<TypeMech type="8" mech="K07"/>
			<TypeMech type="5" mech="K08"/>
			<TypeMech type="8" mech="K08"/>
			<TypeMech type="5" mech="K12"/>
			<TypeMech type="8" mech="K12"/>
			<TypeMech type="5" mech="K22"/>
			<TypeMech type="8" mech="K22"/>
			<TypeMech type="5" mech="K23"/>
			<TypeMech type="8" mech="K23"/>
			<TypeMech type="5" mech="K24"/>
			<TypeMech type="8" mech="K24"/>
			<TypeMech type="5" mech="K25"/>
			<TypeMech type="8" mech="K25"/>
			<TypeMech type="5" mech="R13"/>
			<TypeMech type="8" mech="R13"/>
			<TypeMech type="5" mech="R15"/>
			<TypeMech type="8" mech="R15"/>
			<TypeMech type="5" mech="R18"/>
			<TypeMech type="8" mech="R18"/>
			<TypeMech type="5" mech="R24"/>
			<TypeMech type="8" mech="R24"/>
			<TypeMech type="5" mech="R25"/>
			<TypeMech type="8" mech="R25"/>
			<TypeMech type="5" mech="U13"/>
			<TypeMech type="8" mech="U13"/>
			<TypeMech type="5" mech="U24"/>
			<TypeMech type="8" mech="U24"/>
			<TypeMech type="5" mech="U56"/>
			<TypeMech type="8" mech="U56"/>
			<TypeMech type="5" mech="F31"/>
			<TypeMech type="8" mech="F31"/>
			<TypeMech type="5" mech="F32"/>
			<TypeMech type="8" mech="F32"/>
			<TypeMech type="5" mech="F33"/>
			<TypeMech type="8" mech="F33"/>
			<TypeMech type="5" mech="T15"/>
			<TypeMech type="8" mech="T15"/>
			<TypeMech type="1" mech="T32"/>
			<TypeMech type="5" mech="T32"/>
			<TypeMech type="8" mech="T32"/>
			<TypeMech type="5" mech="TU2"/>
			<TypeMech type="8" mech="TU2"/>
			<TypeMech type="5" mech="TU2"/>
			<TypeMech type="8" mech="TU2"/>
		</GrantTypeMechs>
		<QText>Explanation required </QText>
		<QInstructions/>
		<ResponseDefsList>
			<ResponseDef id="PCQ_XX_RD_CM_XX" type="COMMENT"/>
			<ResponseDef id="PCQ_XX_RD_FL_XX" type="FILE"/>
			<ResponseDef id="PCQ_XX_RD_TX_XX" type="TEXT"/>
		</ResponseDefsList>
	</QuestionDef>
	<QuestionDef id="SNQ_YesNo">
		<GrantTypeMechs>
			<TypeMech type="5" mech="R01"/>
			<TypeMech type="8" mech="R01"/>
			<TypeMech type="5" mech="P01"/>
			<TypeMech type="8" mech="P01"/>
			<TypeMech type="5" mech="R03"/>
			<TypeMech type="8" mech="R03"/>
			<TypeMech type="5" mech="R21"/>
			<TypeMech type="8" mech="R21"/>
			<TypeMech type="5" mech="R29"/>
			<TypeMech type="8" mech="R30"/>
			<TypeMech type="5" mech="R33"/>
			<TypeMech type="8" mech="R33"/>
			<TypeMech type="5" mech="R37"/>
			<TypeMech type="8" mech="R37"/>
			<TypeMech type="5" mech="R37"/>
			<TypeMech type="8" mech="R41"/>
			<TypeMech type="5" mech="R42"/>
			<TypeMech type="8" mech="R42"/>
			<TypeMech type="5" mech="R43"/>
			<TypeMech type="5" mech="R44"/>
			<TypeMech type="8" mech="R44"/>
			<TypeMech type="5" mech="R55"/>
			<TypeMech type="8" mech="R55"/>
			<TypeMech type="5" mech="U01"/>
			<TypeMech type="8" mech="U01"/>
			<TypeMech type="5" mech="U19"/>
			<TypeMech type="8" mech="U19"/>
			<TypeMech type="5" mech="U41"/>
			<TypeMech type="8" mech="U41"/>
			<TypeMech type="5" mech="U42"/>
			<TypeMech type="8" mech="U42"/>
			<TypeMech type="5" mech="U43"/>
			<TypeMech type="8" mech="U43"/>
			<TypeMech type="5" mech="U44"/>
			<TypeMech type="8" mech="U44"/>
			<TypeMech type="5" mech="P20"/>
			<TypeMech type="8" mech="P20"/>
			<TypeMech type="5" mech="P30"/>
			<TypeMech type="8" mech="P30"/>
			<TypeMech type="5" mech="P50"/>
			<TypeMech type="8" mech="P50"/>
			<TypeMech type="5" mech="U54"/>
			<TypeMech type="8" mech="U54"/>
			<TypeMech type="5" mech="K01"/>
			<TypeMech type="8" mech="K01"/>
			<TypeMech type="5" mech="K05"/>
			<TypeMech type="8" mech="K05"/>
			<TypeMech type="5" mech="K07"/>
			<TypeMech type="8" mech="K07"/>
			<TypeMech type="5" mech="K08"/>
			<TypeMech type="8" mech="K08"/>
			<TypeMech type="5" mech="K12"/>
			<TypeMech type="8" mech="K12"/>
			<TypeMech type="5" mech="K22"/>
			<TypeMech type="8" mech="K22"/>
			<TypeMech type="5" mech="K23"/>
			<TypeMech type="8" mech="K23"/>
			<TypeMech type="5" mech="K24"/>
			<TypeMech type="8" mech="K24"/>
			<TypeMech type="5" mech="K25"/>
			<TypeMech type="8" mech="K25"/>
			<TypeMech type="5" mech="R13"/>
			<TypeMech type="8" mech="R13"/>
			<TypeMech type="5" mech="R15"/>
			<TypeMech type="8" mech="R15"/>
			<TypeMech type="5" mech="R18"/>
			<TypeMech type="8" mech="R18"/>
			<TypeMech type="5" mech="R24"/>
			<TypeMech type="8" mech="R24"/>
			<TypeMech type="5" mech="R25"/>
			<TypeMech type="8" mech="R25"/>
			<TypeMech type="5" mech="U13"/>
			<TypeMech type="8" mech="U13"/>
			<TypeMech type="5" mech="U24"/>
			<TypeMech type="8" mech="U24"/>
			<TypeMech type="5" mech="U56"/>
			<TypeMech type="8" mech="U56"/>
			<TypeMech type="5" mech="F31"/>
			<TypeMech type="8" mech="F31"/>
			<TypeMech type="5" mech="F32"/>
			<TypeMech type="8" mech="F32"/>
			<TypeMech type="5" mech="F33"/>
			<TypeMech type="8" mech="F33"/>
			<TypeMech type="5" mech="T15"/>
			<TypeMech type="8" mech="T15"/>
			<TypeMech type="1" mech="T32"/>
			<TypeMech type="5" mech="T32"/>
			<TypeMech type="8" mech="T32"/>
			<TypeMech type="5" mech="TU2"/>
			<TypeMech type="8" mech="TU2"/>
			<TypeMech type="5" mech="TU2"/>
			<TypeMech type="8" mech="TU2"/>
		</GrantTypeMechs>
		<QText>A Yes No Question </QText>
		<QInstructions/>
		<ResponseDefsList>
			<ResponseDef id="PCQ_XX_RD_CM_XX" type="COMMENT"/>
			<ResponseDef id="PCQ_XX_RD_FL_XX" type="FILE"/>
			<ResponseDef id="PCQ_XX_RD_RB_XX" type="RADIO">
				<SelectionDef id="SEL_XXX">
					<Value>Yes</Value>
				</SelectionDef>
				<SelectionDef id="SEL_XXX">
					<Value>No</Value>
				</SelectionDef>
			</ResponseDef>
		</ResponseDefsList>
	</QuestionDef>
	<QuestionDef id="SNQ_AttachedSentToGAB">
		<GrantTypeMechs>
			<TypeMech type="5" mech="R01"/>
			<TypeMech type="8" mech="R01"/>
			<TypeMech type="5" mech="P01"/>
			<TypeMech type="8" mech="P01"/>
			<TypeMech type="5" mech="R03"/>
			<TypeMech type="8" mech="R03"/>
			<TypeMech type="5" mech="R21"/>
			<TypeMech type="8" mech="R21"/>
			<TypeMech type="5" mech="R29"/>
			<TypeMech type="8" mech="R30"/>
			<TypeMech type="5" mech="R33"/>
			<TypeMech type="8" mech="R33"/>
			<TypeMech type="5" mech="R37"/>
			<TypeMech type="8" mech="R37"/>
			<TypeMech type="5" mech="R37"/>
			<TypeMech type="8" mech="R41"/>
			<TypeMech type="5" mech="R42"/>
			<TypeMech type="8" mech="R42"/>
			<TypeMech type="5" mech="R43"/>
			<TypeMech type="5" mech="R44"/>
			<TypeMech type="8" mech="R44"/>
			<TypeMech type="5" mech="R55"/>
			<TypeMech type="8" mech="R55"/>
			<TypeMech type="5" mech="U01"/>
			<TypeMech type="8" mech="U01"/>
			<TypeMech type="5" mech="U19"/>
			<TypeMech type="8" mech="U19"/>
			<TypeMech type="5" mech="U41"/>
			<TypeMech type="8" mech="U41"/>
			<TypeMech type="5" mech="U42"/>
			<TypeMech type="8" mech="U42"/>
			<TypeMech type="5" mech="U43"/>
			<TypeMech type="8" mech="U43"/>
			<TypeMech type="5" mech="U44"/>
			<TypeMech type="8" mech="U44"/>
			<TypeMech type="5" mech="P20"/>
			<TypeMech type="8" mech="P20"/>
			<TypeMech type="5" mech="P30"/>
			<TypeMech type="8" mech="P30"/>
			<TypeMech type="5" mech="P50"/>
			<TypeMech type="8" mech="P50"/>
			<TypeMech type="5" mech="U54"/>
			<TypeMech type="8" mech="U54"/>
			<TypeMech type="5" mech="K01"/>
			<TypeMech type="8" mech="K01"/>
			<TypeMech type="5" mech="K05"/>
			<TypeMech type="8" mech="K05"/>
			<TypeMech type="5" mech="K07"/>
			<TypeMech type="8" mech="K07"/>
			<TypeMech type="5" mech="K08"/>
			<TypeMech type="8" mech="K08"/>
			<TypeMech type="5" mech="K12"/>
			<TypeMech type="8" mech="K12"/>
			<TypeMech type="5" mech="K22"/>
			<TypeMech type="8" mech="K22"/>
			<TypeMech type="5" mech="K23"/>
			<TypeMech type="8" mech="K23"/>
			<TypeMech type="5" mech="K24"/>
			<TypeMech type="8" mech="K24"/>
			<TypeMech type="5" mech="K25"/>
			<TypeMech type="8" mech="K25"/>
			<TypeMech type="5" mech="R13"/>
			<TypeMech type="8" mech="R13"/>
			<TypeMech type="5" mech="R15"/>
			<TypeMech type="8" mech="R15"/>
			<TypeMech type="5" mech="R18"/>
			<TypeMech type="8" mech="R18"/>
			<TypeMech type="5" mech="R24"/>
			<TypeMech type="8" mech="R24"/>
			<TypeMech type="5" mech="R25"/>
			<TypeMech type="8" mech="R25"/>
			<TypeMech type="5" mech="U13"/>
			<TypeMech type="8" mech="U13"/>
			<TypeMech type="5" mech="U24"/>
			<TypeMech type="8" mech="U24"/>
			<TypeMech type="5" mech="U56"/>
			<TypeMech type="8" mech="U56"/>
			<TypeMech type="5" mech="F31"/>
			<TypeMech type="8" mech="F31"/>
			<TypeMech type="5" mech="F32"/>
			<TypeMech type="8" mech="F32"/>
			<TypeMech type="5" mech="F33"/>
			<TypeMech type="8" mech="F33"/>
			<TypeMech type="5" mech="T15"/>
			<TypeMech type="8" mech="T15"/>
			<TypeMech type="1" mech="T32"/>
			<TypeMech type="5" mech="T32"/>
			<TypeMech type="8" mech="T32"/>
			<TypeMech type="5" mech="TU2"/>
			<TypeMech type="8" mech="TU2"/>
			<TypeMech type="5" mech="TU2"/>
			<TypeMech type="8" mech="TU2"/>
		</GrantTypeMechs>
		<QText>Attached or Sent to GAB Question </QText>
		<QInstructions/>
		<ResponseDefsList>
			<ResponseDef id="PCQ_XX_RD_CM_XX" type="COMMENT"/>
			<ResponseDef id="PCQ_XX_RD_FL_XX" type="FILE"/>
			<ResponseDef id="PCQ_XX_RD_RB_XX" type="RADIO">
				<SelectionDef id="SEL_XXX">
					<Value>Yes, attached</Value>
				</SelectionDef>
				<SelectionDef id="SEL_XXX">
					<Value>Yes, sent to GAB</Value>
				</SelectionDef>
			</ResponseDef>
		</ResponseDefsList>
	</QuestionDef>
	<QuestionDef id="SNQ_TEXT Response">
		<GrantTypeMechs>
			<TypeMech type="5" mech="R01"/>
			<TypeMech type="8" mech="R01"/>
			<TypeMech type="5" mech="P01"/>
			<TypeMech type="8" mech="P01"/>
			<TypeMech type="5" mech="R03"/>
			<TypeMech type="8" mech="R03"/>
			<TypeMech type="5" mech="R21"/>
			<TypeMech type="8" mech="R21"/>
			<TypeMech type="5" mech="R29"/>
			<TypeMech type="8" mech="R30"/>
			<TypeMech type="5" mech="R33"/>
			<TypeMech type="8" mech="R33"/>
			<TypeMech type="5" mech="R37"/>
			<TypeMech type="8" mech="R37"/>
			<TypeMech type="5" mech="R37"/>
			<TypeMech type="8" mech="R41"/>
			<TypeMech type="5" mech="R42"/>
			<TypeMech type="8" mech="R42"/>
			<TypeMech type="5" mech="R43"/>
			<TypeMech type="5" mech="R44"/>
			<TypeMech type="8" mech="R44"/>
			<TypeMech type="5" mech="R55"/>
			<TypeMech type="8" mech="R55"/>
			<TypeMech type="5" mech="U01"/>
			<TypeMech type="8" mech="U01"/>
			<TypeMech type="5" mech="U19"/>
			<TypeMech type="8" mech="U19"/>
			<TypeMech type="5" mech="U41"/>
			<TypeMech type="8" mech="U41"/>
			<TypeMech type="5" mech="U42"/>
			<TypeMech type="8" mech="U42"/>
			<TypeMech type="5" mech="U43"/>
			<TypeMech type="8" mech="U43"/>
			<TypeMech type="5" mech="U44"/>
			<TypeMech type="8" mech="U44"/>
			<TypeMech type="5" mech="P20"/>
			<TypeMech type="8" mech="P20"/>
			<TypeMech type="5" mech="P30"/>
			<TypeMech type="8" mech="P30"/>
			<TypeMech type="5" mech="P50"/>
			<TypeMech type="8" mech="P50"/>
			<TypeMech type="5" mech="U54"/>
			<TypeMech type="8" mech="U54"/>
			<TypeMech type="5" mech="K01"/>
			<TypeMech type="8" mech="K01"/>
			<TypeMech type="5" mech="K05"/>
			<TypeMech type="8" mech="K05"/>
			<TypeMech type="5" mech="K07"/>
			<TypeMech type="8" mech="K07"/>
			<TypeMech type="5" mech="K08"/>
			<TypeMech type="8" mech="K08"/>
			<TypeMech type="5" mech="K12"/>
			<TypeMech type="8" mech="K12"/>
			<TypeMech type="5" mech="K22"/>
			<TypeMech type="8" mech="K22"/>
			<TypeMech type="5" mech="K23"/>
			<TypeMech type="8" mech="K23"/>
			<TypeMech type="5" mech="K24"/>
			<TypeMech type="8" mech="K24"/>
			<TypeMech type="5" mech="K25"/>
			<TypeMech type="8" mech="K25"/>
			<TypeMech type="5" mech="R13"/>
			<TypeMech type="8" mech="R13"/>
			<TypeMech type="5" mech="R15"/>
			<TypeMech type="8" mech="R15"/>
			<TypeMech type="5" mech="R18"/>
			<TypeMech type="8" mech="R18"/>
			<TypeMech type="5" mech="R24"/>
			<TypeMech type="8" mech="R24"/>
			<TypeMech type="5" mech="R25"/>
			<TypeMech type="8" mech="R25"/>
			<TypeMech type="5" mech="U13"/>
			<TypeMech type="8" mech="U13"/>
			<TypeMech type="5" mech="U24"/>
			<TypeMech type="8" mech="U24"/>
			<TypeMech type="5" mech="U56"/>
			<TypeMech type="8" mech="U56"/>
			<TypeMech type="5" mech="F31"/>
			<TypeMech type="8" mech="F31"/>
			<TypeMech type="5" mech="F32"/>
			<TypeMech type="8" mech="F32"/>
			<TypeMech type="5" mech="F33"/>
			<TypeMech type="8" mech="F33"/>
			<TypeMech type="5" mech="T15"/>
			<TypeMech type="8" mech="T15"/>
			<TypeMech type="1" mech="T32"/>
			<TypeMech type="5" mech="T32"/>
			<TypeMech type="8" mech="T32"/>
			<TypeMech type="5" mech="TU2"/>
			<TypeMech type="8" mech="TU2"/>
			<TypeMech type="5" mech="TU2"/>
			<TypeMech type="8" mech="TU2"/>
		</GrantTypeMechs>
		<QText>Question with a Text Response </QText>
		<QInstructions/>
		<ResponseDefsList>
			<ResponseDef id="PCQ_XX_RD_CM_XX" type="COMMENT"/>
			<ResponseDef id="PCQ_XX_RD_FL_XX" type="FILE"/>
			<ResponseDef id="PCQ_XX_RD_TX_XX" type="TEXT"/>
		</ResponseDefsList>
	</QuestionDef>
	<QuestionDef id="SNQ_STRING Response">
		<GrantTypeMechs>
			<TypeMech type="5" mech="R01"/>
			<TypeMech type="8" mech="R01"/>
			<TypeMech type="5" mech="P01"/>
			<TypeMech type="8" mech="P01"/>
			<TypeMech type="5" mech="R03"/>
			<TypeMech type="8" mech="R03"/>
			<TypeMech type="5" mech="R21"/>
			<TypeMech type="8" mech="R21"/>
			<TypeMech type="5" mech="R29"/>
			<TypeMech type="8" mech="R30"/>
			<TypeMech type="5" mech="R33"/>
			<TypeMech type="8" mech="R33"/>
			<TypeMech type="5" mech="R37"/>
			<TypeMech type="8" mech="R37"/>
			<TypeMech type="5" mech="R37"/>
			<TypeMech type="8" mech="R41"/>
			<TypeMech type="5" mech="R42"/>
			<TypeMech type="8" mech="R42"/>
			<TypeMech type="5" mech="R43"/>
			<TypeMech type="5" mech="R44"/>
			<TypeMech type="8" mech="R44"/>
			<TypeMech type="5" mech="R55"/>
			<TypeMech type="8" mech="R55"/>
			<TypeMech type="5" mech="U01"/>
			<TypeMech type="8" mech="U01"/>
			<TypeMech type="5" mech="U19"/>
			<TypeMech type="8" mech="U19"/>
			<TypeMech type="5" mech="U41"/>
			<TypeMech type="8" mech="U41"/>
			<TypeMech type="5" mech="U42"/>
			<TypeMech type="8" mech="U42"/>
			<TypeMech type="5" mech="U43"/>
			<TypeMech type="8" mech="U43"/>
			<TypeMech type="5" mech="U44"/>
			<TypeMech type="8" mech="U44"/>
			<TypeMech type="5" mech="P20"/>
			<TypeMech type="8" mech="P20"/>
			<TypeMech type="5" mech="P30"/>
			<TypeMech type="8" mech="P30"/>
			<TypeMech type="5" mech="P50"/>
			<TypeMech type="8" mech="P50"/>
			<TypeMech type="5" mech="U54"/>
			<TypeMech type="8" mech="U54"/>
			<TypeMech type="5" mech="K01"/>
			<TypeMech type="8" mech="K01"/>
			<TypeMech type="5" mech="K05"/>
			<TypeMech type="8" mech="K05"/>
			<TypeMech type="5" mech="K07"/>
			<TypeMech type="8" mech="K07"/>
			<TypeMech type="5" mech="K08"/>
			<TypeMech type="8" mech="K08"/>
			<TypeMech type="5" mech="K12"/>
			<TypeMech type="8" mech="K12"/>
			<TypeMech type="5" mech="K22"/>
			<TypeMech type="8" mech="K22"/>
			<TypeMech type="5" mech="K23"/>
			<TypeMech type="8" mech="K23"/>
			<TypeMech type="5" mech="K24"/>
			<TypeMech type="8" mech="K24"/>
			<TypeMech type="5" mech="K25"/>
			<TypeMech type="8" mech="K25"/>
			<TypeMech type="5" mech="R13"/>
			<TypeMech type="8" mech="R13"/>
			<TypeMech type="5" mech="R15"/>
			<TypeMech type="8" mech="R15"/>
			<TypeMech type="5" mech="R18"/>
			<TypeMech type="8" mech="R18"/>
			<TypeMech type="5" mech="R24"/>
			<TypeMech type="8" mech="R24"/>
			<TypeMech type="5" mech="R25"/>
			<TypeMech type="8" mech="R25"/>
			<TypeMech type="5" mech="U13"/>
			<TypeMech type="8" mech="U13"/>
			<TypeMech type="5" mech="U24"/>
			<TypeMech type="8" mech="U24"/>
			<TypeMech type="5" mech="U56"/>
			<TypeMech type="8" mech="U56"/>
			<TypeMech type="5" mech="F31"/>
			<TypeMech type="8" mech="F31"/>
			<TypeMech type="5" mech="F32"/>
			<TypeMech type="8" mech="F32"/>
			<TypeMech type="5" mech="F33"/>
			<TypeMech type="8" mech="F33"/>
			<TypeMech type="5" mech="T15"/>
			<TypeMech type="8" mech="T15"/>
			<TypeMech type="1" mech="T32"/>
			<TypeMech type="5" mech="T32"/>
			<TypeMech type="8" mech="T32"/>
			<TypeMech type="5" mech="TU2"/>
			<TypeMech type="8" mech="TU2"/>
			<TypeMech type="5" mech="TU2"/>
			<TypeMech type="8" mech="TU2"/>
		</GrantTypeMechs>
		<QText>Question with a StringResponse </QText>
		<QInstructions/>
		<ResponseDefsList>
			<ResponseDef id="PCQ_XX_RD_CM_XX" type="COMMENT"/>
			<ResponseDef id="PCQ_XX_RD_FL_XX" type="FILE"/>
			<ResponseDef id="PCQ_XX_RD_ST_XX" type="STRING"/>
		</ResponseDefsList>
	</QuestionDef>
	<QuestionDef id="SNQ_NUMBER Response">
		<GrantTypeMechs>
			<TypeMech type="5" mech="R01"/>
			<TypeMech type="8" mech="R01"/>
			<TypeMech type="5" mech="P01"/>
			<TypeMech type="8" mech="P01"/>
			<TypeMech type="5" mech="R03"/>
			<TypeMech type="8" mech="R03"/>
			<TypeMech type="5" mech="R21"/>
			<TypeMech type="8" mech="R21"/>
			<TypeMech type="5" mech="R29"/>
			<TypeMech type="8" mech="R30"/>
			<TypeMech type="5" mech="R33"/>
			<TypeMech type="8" mech="R33"/>
			<TypeMech type="5" mech="R37"/>
			<TypeMech type="8" mech="R37"/>
			<TypeMech type="5" mech="R37"/>
			<TypeMech type="8" mech="R41"/>
			<TypeMech type="5" mech="R42"/>
			<TypeMech type="8" mech="R42"/>
			<TypeMech type="5" mech="R43"/>
			<TypeMech type="5" mech="R44"/>
			<TypeMech type="8" mech="R44"/>
			<TypeMech type="5" mech="R55"/>
			<TypeMech type="8" mech="R55"/>
			<TypeMech type="5" mech="U01"/>
			<TypeMech type="8" mech="U01"/>
			<TypeMech type="5" mech="U19"/>
			<TypeMech type="8" mech="U19"/>
			<TypeMech type="5" mech="U41"/>
			<TypeMech type="8" mech="U41"/>
			<TypeMech type="5" mech="U42"/>
			<TypeMech type="8" mech="U42"/>
			<TypeMech type="5" mech="U43"/>
			<TypeMech type="8" mech="U43"/>
			<TypeMech type="5" mech="U44"/>
			<TypeMech type="8" mech="U44"/>
			<TypeMech type="5" mech="P20"/>
			<TypeMech type="8" mech="P20"/>
			<TypeMech type="5" mech="P30"/>
			<TypeMech type="8" mech="P30"/>
			<TypeMech type="5" mech="P50"/>
			<TypeMech type="8" mech="P50"/>
			<TypeMech type="5" mech="U54"/>
			<TypeMech type="8" mech="U54"/>
			<TypeMech type="5" mech="K01"/>
			<TypeMech type="8" mech="K01"/>
			<TypeMech type="5" mech="K05"/>
			<TypeMech type="8" mech="K05"/>
			<TypeMech type="5" mech="K07"/>
			<TypeMech type="8" mech="K07"/>
			<TypeMech type="5" mech="K08"/>
			<TypeMech type="8" mech="K08"/>
			<TypeMech type="5" mech="K12"/>
			<TypeMech type="8" mech="K12"/>
			<TypeMech type="5" mech="K22"/>
			<TypeMech type="8" mech="K22"/>
			<TypeMech type="5" mech="K23"/>
			<TypeMech type="8" mech="K23"/>
			<TypeMech type="5" mech="K24"/>
			<TypeMech type="8" mech="K24"/>
			<TypeMech type="5" mech="K25"/>
			<TypeMech type="8" mech="K25"/>
			<TypeMech type="5" mech="R13"/>
			<TypeMech type="8" mech="R13"/>
			<TypeMech type="5" mech="R15"/>
			<TypeMech type="8" mech="R15"/>
			<TypeMech type="5" mech="R18"/>
			<TypeMech type="8" mech="R18"/>
			<TypeMech type="5" mech="R24"/>
			<TypeMech type="8" mech="R24"/>
			<TypeMech type="5" mech="R25"/>
			<TypeMech type="8" mech="R25"/>
			<TypeMech type="5" mech="U13"/>
			<TypeMech type="8" mech="U13"/>
			<TypeMech type="5" mech="U24"/>
			<TypeMech type="8" mech="U24"/>
			<TypeMech type="5" mech="U56"/>
			<TypeMech type="8" mech="U56"/>
			<TypeMech type="5" mech="F31"/>
			<TypeMech type="8" mech="F31"/>
			<TypeMech type="5" mech="F32"/>
			<TypeMech type="8" mech="F32"/>
			<TypeMech type="5" mech="F33"/>
			<TypeMech type="8" mech="F33"/>
			<TypeMech type="5" mech="T15"/>
			<TypeMech type="8" mech="T15"/>
			<TypeMech type="1" mech="T32"/>
			<TypeMech type="5" mech="T32"/>
			<TypeMech type="8" mech="T32"/>
			<TypeMech type="5" mech="TU2"/>
			<TypeMech type="8" mech="TU2"/>
			<TypeMech type="5" mech="TU2"/>
			<TypeMech type="8" mech="TU2"/>
		</GrantTypeMechs>
		<QText>Question with a Number Response </QText>
		<QInstructions/>
		<ResponseDefsList>
			<ResponseDef id="PCQ_XX_RD_CM_XX" type="COMMENT"/>
			<ResponseDef id="PCQ_XX_RD_FL_XX" type="FILE"/>
			<ResponseDef id="PCQ_XX_NU_ST_XX" type="NUMBER"/>
		</ResponseDefsList>
	</QuestionDef>
	<QuestionDef id="SNQ_DATE Response">
		<GrantTypeMechs>
			<TypeMech type="5" mech="R01"/>
			<TypeMech type="8" mech="R01"/>
			<TypeMech type="5" mech="P01"/>
			<TypeMech type="8" mech="P01"/>
			<TypeMech type="5" mech="R03"/>
			<TypeMech type="8" mech="R03"/>
			<TypeMech type="5" mech="R21"/>
			<TypeMech type="8" mech="R21"/>
			<TypeMech type="5" mech="R29"/>
			<TypeMech type="8" mech="R30"/>
			<TypeMech type="5" mech="R33"/>
			<TypeMech type="8" mech="R33"/>
			<TypeMech type="5" mech="R37"/>
			<TypeMech type="8" mech="R37"/>
			<TypeMech type="5" mech="R37"/>
			<TypeMech type="8" mech="R41"/>
			<TypeMech type="5" mech="R42"/>
			<TypeMech type="8" mech="R42"/>
			<TypeMech type="5" mech="R43"/>
			<TypeMech type="5" mech="R44"/>
			<TypeMech type="8" mech="R44"/>
			<TypeMech type="5" mech="R55"/>
			<TypeMech type="8" mech="R55"/>
			<TypeMech type="5" mech="U01"/>
			<TypeMech type="8" mech="U01"/>
			<TypeMech type="5" mech="U19"/>
			<TypeMech type="8" mech="U19"/>
			<TypeMech type="5" mech="U41"/>
			<TypeMech type="8" mech="U41"/>
			<TypeMech type="5" mech="U42"/>
			<TypeMech type="8" mech="U42"/>
			<TypeMech type="5" mech="U43"/>
			<TypeMech type="8" mech="U43"/>
			<TypeMech type="5" mech="U44"/>
			<TypeMech type="8" mech="U44"/>
			<TypeMech type="5" mech="P20"/>
			<TypeMech type="8" mech="P20"/>
			<TypeMech type="5" mech="P30"/>
			<TypeMech type="8" mech="P30"/>
			<TypeMech type="5" mech="P50"/>
			<TypeMech type="8" mech="P50"/>
			<TypeMech type="5" mech="U54"/>
			<TypeMech type="8" mech="U54"/>
			<TypeMech type="5" mech="K01"/>
			<TypeMech type="8" mech="K01"/>
			<TypeMech type="5" mech="K05"/>
			<TypeMech type="8" mech="K05"/>
			<TypeMech type="5" mech="K07"/>
			<TypeMech type="8" mech="K07"/>
			<TypeMech type="5" mech="K08"/>
			<TypeMech type="8" mech="K08"/>
			<TypeMech type="5" mech="K12"/>
			<TypeMech type="8" mech="K12"/>
			<TypeMech type="5" mech="K22"/>
			<TypeMech type="8" mech="K22"/>
			<TypeMech type="5" mech="K23"/>
			<TypeMech type="8" mech="K23"/>
			<TypeMech type="5" mech="K24"/>
			<TypeMech type="8" mech="K24"/>
			<TypeMech type="5" mech="K25"/>
			<TypeMech type="8" mech="K25"/>
			<TypeMech type="5" mech="R13"/>
			<TypeMech type="8" mech="R13"/>
			<TypeMech type="5" mech="R15"/>
			<TypeMech type="8" mech="R15"/>
			<TypeMech type="5" mech="R18"/>
			<TypeMech type="8" mech="R18"/>
			<TypeMech type="5" mech="R24"/>
			<TypeMech type="8" mech="R24"/>
			<TypeMech type="5" mech="R25"/>
			<TypeMech type="8" mech="R25"/>
			<TypeMech type="5" mech="U13"/>
			<TypeMech type="8" mech="U13"/>
			<TypeMech type="5" mech="U24"/>
			<TypeMech type="8" mech="U24"/>
			<TypeMech type="5" mech="U56"/>
			<TypeMech type="8" mech="U56"/>
			<TypeMech type="5" mech="F31"/>
			<TypeMech type="8" mech="F31"/>
			<TypeMech type="5" mech="F32"/>
			<TypeMech type="8" mech="F32"/>
			<TypeMech type="5" mech="F33"/>
			<TypeMech type="8" mech="F33"/>
			<TypeMech type="5" mech="T15"/>
			<TypeMech type="8" mech="T15"/>
			<TypeMech type="1" mech="T32"/>
			<TypeMech type="5" mech="T32"/>
			<TypeMech type="8" mech="T32"/>
			<TypeMech type="5" mech="TU2"/>
			<TypeMech type="8" mech="TU2"/>
			<TypeMech type="5" mech="TU2"/>
			<TypeMech type="8" mech="TU2"/>
		</GrantTypeMechs>
		<QText>Question with a Date Response </QText>
		<QInstructions/>
		<ResponseDefsList>
			<ResponseDef id="PCQ_XX_RD_CM_XX" type="COMMENT"/>
			<ResponseDef id="PCQ_XX_RD_FL_XX" type="FILE"/>
			<ResponseDef id="PCQ_XX_RD_DT_XX" type="DATE"/>
		</ResponseDefsList>
	</QuestionDef>
	<QuestionDef id="SNQ_DROPDOWN">
		<GrantTypeMechs>
			<TypeMech type="5" mech="R01"/>
			<TypeMech type="8" mech="R01"/>
			<TypeMech type="5" mech="P01"/>
			<TypeMech type="8" mech="P01"/>
			<TypeMech type="5" mech="R03"/>
			<TypeMech type="8" mech="R03"/>
			<TypeMech type="5" mech="R21"/>
			<TypeMech type="8" mech="R21"/>
			<TypeMech type="5" mech="R29"/>
			<TypeMech type="8" mech="R30"/>
			<TypeMech type="5" mech="R33"/>
			<TypeMech type="8" mech="R33"/>
			<TypeMech type="5" mech="R37"/>
			<TypeMech type="8" mech="R37"/>
			<TypeMech type="5" mech="R37"/>
			<TypeMech type="8" mech="R41"/>
			<TypeMech type="5" mech="R42"/>
			<TypeMech type="8" mech="R42"/>
			<TypeMech type="5" mech="R43"/>
			<TypeMech type="5" mech="R44"/>
			<TypeMech type="8" mech="R44"/>
			<TypeMech type="5" mech="R55"/>
			<TypeMech type="8" mech="R55"/>
			<TypeMech type="5" mech="U01"/>
			<TypeMech type="8" mech="U01"/>
			<TypeMech type="5" mech="U19"/>
			<TypeMech type="8" mech="U19"/>
			<TypeMech type="5" mech="U41"/>
			<TypeMech type="8" mech="U41"/>
			<TypeMech type="5" mech="U42"/>
			<TypeMech type="8" mech="U42"/>
			<TypeMech type="5" mech="U43"/>
			<TypeMech type="8" mech="U43"/>
			<TypeMech type="5" mech="U44"/>
			<TypeMech type="8" mech="U44"/>
			<TypeMech type="5" mech="P20"/>
			<TypeMech type="8" mech="P20"/>
			<TypeMech type="5" mech="P30"/>
			<TypeMech type="8" mech="P30"/>
			<TypeMech type="5" mech="P50"/>
			<TypeMech type="8" mech="P50"/>
			<TypeMech type="5" mech="U54"/>
			<TypeMech type="8" mech="U54"/>
			<TypeMech type="5" mech="K01"/>
			<TypeMech type="8" mech="K01"/>
			<TypeMech type="5" mech="K05"/>
			<TypeMech type="8" mech="K05"/>
			<TypeMech type="5" mech="K07"/>
			<TypeMech type="8" mech="K07"/>
			<TypeMech type="5" mech="K08"/>
			<TypeMech type="8" mech="K08"/>
			<TypeMech type="5" mech="K12"/>
			<TypeMech type="8" mech="K12"/>
			<TypeMech type="5" mech="K22"/>
			<TypeMech type="8" mech="K22"/>
			<TypeMech type="5" mech="K23"/>
			<TypeMech type="8" mech="K23"/>
			<TypeMech type="5" mech="K24"/>
			<TypeMech type="8" mech="K24"/>
			<TypeMech type="5" mech="K25"/>
			<TypeMech type="8" mech="K25"/>
			<TypeMech type="5" mech="R13"/>
			<TypeMech type="8" mech="R13"/>
			<TypeMech type="5" mech="R15"/>
			<TypeMech type="8" mech="R15"/>
			<TypeMech type="5" mech="R18"/>
			<TypeMech type="8" mech="R18"/>
			<TypeMech type="5" mech="R24"/>
			<TypeMech type="8" mech="R24"/>
			<TypeMech type="5" mech="R25"/>
			<TypeMech type="8" mech="R25"/>
			<TypeMech type="5" mech="U13"/>
			<TypeMech type="8" mech="U13"/>
			<TypeMech type="5" mech="U24"/>
			<TypeMech type="8" mech="U24"/>
			<TypeMech type="5" mech="U56"/>
			<TypeMech type="8" mech="U56"/>
			<TypeMech type="5" mech="F31"/>
			<TypeMech type="8" mech="F31"/>
			<TypeMech type="5" mech="F32"/>
			<TypeMech type="8" mech="F32"/>
			<TypeMech type="5" mech="F33"/>
			<TypeMech type="8" mech="F33"/>
			<TypeMech type="5" mech="T15"/>
			<TypeMech type="8" mech="T15"/>
			<TypeMech type="1" mech="T32"/>
			<TypeMech type="5" mech="T32"/>
			<TypeMech type="8" mech="T32"/>
			<TypeMech type="5" mech="TU2"/>
			<TypeMech type="8" mech="TU2"/>
			<TypeMech type="5" mech="TU2"/>
			<TypeMech type="8" mech="TU2"/>
		</GrantTypeMechs>
		<QText>Question with a Drop Down </QText>
		<QInstructions/>
		<ResponseDefsList>
			<ResponseDef id="PCQ_XX_RD_CM_XX" type="COMMENT"/>
			<ResponseDef id="PCQ_XX_RD_FL_XX" type="FILE"/>
			<ResponseDef id="PCQ_XX_RD_DD_XX" type="DROP_DOWN">
				<SelectionDef id="SEL_0">
					<Value>--Select an option--</Value>
				</SelectionDef>
				<SelectionDef id="SEL_XXX">
					<Value>Yes</Value>
				</SelectionDef>
				<SelectionDef id="SEL_XXX">
					<Value>No</Value>
				</SelectionDef>
			</ResponseDef>
		</ResponseDefsList>
	</QuestionDef>
</SampleQuestionDefs>
